TimeUtc,BCG_amp1,BCG_amp2,BCG_amp3,BCG_amp4,BCG_amp5,BCG_amp6,BCG_amp7,BCG_amp8,BCG_amp9,BCG_amp10,BCG_amp11,BCG_amp12,BCG_amp13,BCG_amp14,BCG_amp15,BCG_amp16,BCG_amp17,BCG_amp18,BCG_amp19,BCG_amp20,HR [bpm]
15:34:58,-0.481951,-0.630818,-0.113112,0.66541,0.83382,0.358654,-0.000582039,0.0950041,0.307756,0.273109,-0.0130447,-0.255085,-0.193054,0.0302721,0.014335,-0.307258,-0.607242,-0.622236,-0.376095,-0.0651048,65.900002
15:34:59,0.174598,0.304854,0.339278,0.364583,0.423247,0.399995,0.123812,-0.274118,-0.298095,0.123729,0.314735,-0.102376,-0.54891,-0.392671,0.121486,0.377764,0.255926,-0.001367,-0.218064,-0.354595,64.900002
15:35:00,-0.451972,-0.399024,0.0299494,0.629526,0.815466,0.47362,0.0825888,-0.156121,-0.388103,-0.411786,-0.0753439,0.151748,-0.0268132,-0.223578,-0.0896157,0.153843,0.0553954,-0.269207,-0.17534,0.419998,64.200005
15:35:01,0.74939,0.160312,-0.865824,-1.06536,-0.126252,0.856743,0.893839,0.105492,-0.582198,-0.418982,0.245868,0.453,0.0561667,-0.221122,-0.0661088,0.120441,0.10643,0.0230227,-0.112884,-0.288374,63.200001
15:35:02,-0.275356,-0.0216576,0.160988,0.0539015,-0.140966,-0.133351,0.0393779,0.170455,0.185642,0.161447,0.141561,0.0407149,-0.0762657,0.0113171,0.184759,0.0804545,-0.250737,-0.366157,-0.145883,0.0732052,62.5
15:35:03,0.154516,0.160084,-0.126797,-0.684542,-0.798913,0.0110169,0.979847,0.938702,0.157338,-0.0304341,0.588618,0.860801,0.105404,-0.967761,-1.29228,-0.787731,-0.206461,-0.019502,-0.0976382,-0.126397,61.5
15:35:04,0.138499,0.627791,0.815103,0.361847,-0.209763,-0.264067,-0.0749298,-0.183229,-0.352281,0.00153258,0.744617,0.976789,0.221201,-0.72079,-0.811778,-0.287642,-0.0591448,-0.170481,-0.0826657,0.167383,60.900002
15:35:05,0.230526,0.248451,0.458555,0.515754,0.038786,-0.581786,-0.712972,-0.352427,0.123916,0.483588,0.561817,0.269576,-0.202784,-0.555341,-0.5468,-0.128525,0.318428,0.38291,0.152215,-0.044843,61.650002
15:35:06,-0.140521,-0.292849,-0.410666,-0.171664,0.3511,0.603258,0.38937,0.158943,0.0864457,-0.115546,-0.392522,-0.357378,0.0401489,0.305156,0.0850672,-0.265196,-0.343921,-0.22299,-0.0797562,0.0334991,61.799999
15:35:07,0.105135,0.123504,0.177761,0.346638,0.464484,0.349762,0.0297478,-0.311939,-0.468059,-0.442797,-0.261756,0.1961,0.685087,0.570326,-0.293599,-1.16759,-1.14734,-0.200086,0.703581,0.793342,61.700001
15:35:08,0.418823,0.24721,0.290611,0.208709,-0.0833017,-0.307542,-0.20299,0.039589,0.0497122,-0.189601,-0.403556,-0.353793,-0.0345984,0.247335,0.208732,0.0965658,0.243005,0.325168,-0.0117869,-0.403631,61.799999
15:35:09,-0.335031,0.129415,0.4205,0.189311,-0.218039,-0.330283,-0.160271,0.0719591,0.225827,0.189722,0.0160708,-0.096474,-0.123256,-0.201723,-0.326482,-0.308461,-0.0301889,0.357235,0.583002,0.507064,62.200001
15:35:10,0.155973,-0.237273,-0.374577,-0.245984,-0.0510697,0.0756754,0.140856,0.268759,0.377328,0.123423,-0.444551,-0.747461,-0.434662,0.142225,0.318949,-0.0250498,-0.243096,0.0848,0.463679,0.33202,62.799999
15:35:11,-0.0978309,-0.285254,-0.0395628,0.366994,0.500977,0.217494,-0.2067,-0.355492,-0.0751137,0.381261,0.511022,-0.125141,-1.29489,-1.97331,-1.36808,0.188487,1.53678,1.75526,0.91419,-0.184615,63.0
15:35:12,-0.704914,-0.310626,0.53425,0.910094,0.476848,-0.0175202,0.0851214,0.247063,-0.107788,-0.468287,-0.313497,-0.0103566,-0.0770423,-0.500257,-0.933937,-1.08963,-0.941217,-0.679848,-0.34521,0.24065,63.200001
15:35:13,0.854493,0.817368,0.177016,0.0371553,0.875707,1.80544,1.97481,1.27112,-0.0240853,-1.22515,-1.56731,-1.03351,-0.342809,0.00247297,0.012262,-0.286583,-0.614072,-0.240472,0.813475,1.29029,64.300003
15:35:14,0.356457,-1.1772,-1.93109,-1.47249,-0.36687,0.453278,0.45027,0.196664,0.562748,1.21384,1.20467,0.682246,0.491818,0.64977,0.417191,-0.447711,-1.09463,-0.70669,0.109286,0.154389,64.900002
15:35:15,-0.533246,-0.908695,-0.560854,-0.0566719,-0.0127692,-0.353401,-0.400798,0.0945215,0.450366,0.244193,0.0632512,0.411686,0.880078,0.792564,0.113354,-0.413106,-0.122592,0.503102,0.348617,-0.626821,66.099998
15:35:16,-1.18828,-0.586627,0.301744,0.301194,-0.210032,-0.0239769,0.853315,1.17529,0.279818,-0.928832,-1.13762,-0.279982,0.472607,0.192807,-0.711059,-1.04653,-0.390729,0.392264,0.480431,0.261299,69.550003
15:35:17,0.493954,0.936757,0.862943,0.381451,0.0355463,-0.16756,-0.424345,-0.67498,-0.774019,-0.629199,-0.244211,0.331648,0.856186,0.690414,-0.365072,-1.29138,-0.955273,0.36711,1.30283,1.02851,73.200005
15:35:18,0.0325634,-0.64988,-0.460835,0.240387,0.531888,-0.066124,-0.857734,-0.640243,0.550884,1.20889,0.501528,-0.55761,-0.742041,-0.219113,0.059593,-0.222341,-0.511115,-0.334128,0.133839,0.5898,75.25
15:35:19,0.884322,0.712987,0.0943516,-0.286979,-0.141901,0.0345333,-0.0475523,-0.198192,-0.311163,-0.41222,-0.397105,-0.187126,0.0534361,0.148348,0.204671,0.338919,0.319202,-0.04839,-0.429432,-0.391844,75.800003
15:35:20,-0.104007,0.0146697,0.0452622,0.283672,0.596861,0.601437,0.236482,-0.129564,-0.174322,-0.0157253,-0.0482168,-0.427505,-0.71424,-0.307361,0.558549,0.788735,-0.0866248,-1.0551,-0.912727,0.151472,74.700005
15:35:21,0.900632,0.696994,0.031914,-0.423219,-0.380724,0.0764837,0.469065,0.399456,0.0423887,-0.25207,-0.311226,-0.0130759,0.371054,0.179463,-0.51968,-0.739882,-0.0509379,0.727938,0.766861,0.294427,72.599998
15:35:22,-0.0591754,-0.133781,-0.111019,-0.203619,-0.439594,-0.593425,-0.54867,-0.290245,0.22788,0.643034,0.523125,0.144521,0.0148081,0.196781,0.367121,0.187343,-0.216388,-0.415075,-0.307882,-0.131204,70.700005
15:35:23,-0.0727491,-0.0931304,-0.0220858,0.120354,0.0808256,-0.129288,-0.0828359,0.372772,0.614618,0.0631042,-0.653457,-0.500536,0.232775,0.439232,-0.0310939,-0.334719,-0.0613251,0.266818,0.193394,-0.00213134,68.700005
15:35:24,0.0576641,0.142815,-0.081992,-0.330024,-0.239341,-0.00526785,0.0354303,-0.118342,-0.130125,0.254319,0.632669,0.301573,-0.577443,-0.950932,-0.241572,0.829342,1.09915,0.412511,-0.396527,-0.755293,67.599998
15:35:25,-0.745486,-0.50222,-0.0724872,0.366813,0.573598,0.302579,-0.265616,-0.351702,0.275693,0.768924,0.475479,-0.144436,-0.292598,0.0615733,0.284611,0.0134803,-0.489416,-0.797605,-0.588699,0.18605,66.900002
15:35:26,0.823657,0.447203,-0.550122,-0.785465,0.1284,0.901659,0.367955,-0.732025,-0.779392,0.203922,0.706326,0.308717,-0.0129043,0.0742789,0.0535111,-0.161268,-0.290366,-0.251847,0.0137849,0.43873,67.4500005
15:35:27,0.530672,-0.0284514,-0.68883,-0.644212,0.0161336,0.496129,0.512463,0.362058,0.0787403,-0.362139,-0.574815,-0.364153,-0.0711451,0.0692478,0.195947,0.380063,0.422685,0.20681,-0.0241867,-0.112953,67.900002
15:35:28,-0.298081,-0.594666,-0.58295,-0.104715,0.487588,0.755838,0.524723,-0.0208359,-0.460076,-0.420161,0.0995543,0.5626,0.44397,0.00241014,-0.224909,-0.381283,-0.740248,-0.895795,-0.452234,0.224883,67.599998
15:35:29,0.554202,0.491685,0.313552,0.110109,-0.0119834,0.174347,0.499897,0.460543,0.015446,-0.263753,-0.110261,-0.0199585,-0.321488,-0.52298,-0.164211,0.360815,0.444267,0.0988881,-0.293271,-0.488395,66.5
15:35:30,-0.435665,-0.133617,0.21578,0.194581,-0.0949581,-0.0536361,0.362216,0.571051,0.240722,-0.293866,-0.518046,-0.349501,-0.0369995,0.231111,0.437631,0.486471,0.220543,-0.126269,-0.241995,-0.293425,65.400002
15:35:31,-0.349996,-0.0657537,0.485735,0.621022,0.00258583,-0.796186,-0.946083,-0.374877,0.231761,0.36101,0.154557,-0.0496475,-0.0959311,0.11482,0.544314,0.820654,0.518252,-0.272621,-0.792807,-0.465058,65.0
15:35:32,0.210584,0.38128,0.0611978,-0.138986,0.0091943,0.109476,-0.174555,-0.512164,-0.410344,0.0293336,0.328491,0.296062,0.106746,-0.0720921,-0.190931,-0.195415,-0.047022,0.178791,0.207302,-0.146211,63.900002
15:35:33,-0.48301,-0.267015,0.356693,0.753426,0.576241,0.116179,-0.151698,-0.215554,-0.281798,-0.218972,0.0495944,0.170262,-0.0253893,-0.13616,0.114361,0.331228,0.136656,-0.276017,-0.596141,-0.666722,63.0
15:35:34,-0.430343,0.0510204,0.550382,0.657846,0.29568,0.0682762,0.323154,0.448361,-0.126087,-0.875062,-0.868868,-0.177158,0.297106,0.212865,0.116542,0.420417,0.698418,0.374614,-0.360569,-0.860962,62.5
15:35:35,-0.743937,-0.0884905,0.541986,0.509465,0.0400003,-0.0465425,0.228009,0.0785895,-0.565145,-0.756985,0.0450662,0.920856,0.675071,-0.310174,-0.619285,-0.0020676,0.427567,0.152691,-0.184036,-0.160975,61.900002
15:35:36,-0.0894011,-0.129733,0.0173035,0.347977,0.306467,-0.358109,-0.964917,-0.57311,0.593209,1.12163,0.367034,-0.646827,-0.690409,0.252579,1.03708,0.553396,-0.775277,-1.23774,-0.203384,0.93342,61.200001
15:35:37,0.91018,0.159937,-0.412064,-0.588498,-0.43206,-0.0436299,0.205145,0.0135985,-0.350763,-0.426772,-0.158197,0.307088,0.818333,1.01006,0.63441,0.0196956,-0.410824,-0.610284,-0.547066,-0.229247,60.799999
15:35:38,0.00345816,0.0113212,0.067943,0.153954,-0.0811192,-0.46686,-0.405092,0.102971,0.427135,0.236791,-0.111298,-0.116609,0.238902,0.480299,0.197007,-0.300176,-0.33683,0.0472822,0.245175,0.114214,61.200001
15:35:39,0.011204,0.0478884,-0.0250685,-0.237348,-0.25609,-0.0169104,0.0457184,-0.253771,-0.407058,0.0678651,0.818886,0.903302,-0.00276911,-0.929564,-0.961597,-0.421395,0.23226,0.969495,1.22485,0.415352,61.900002
15:35:40,-0.681843,-0.852282,-0.296049,-0.0598062,-0.267117,-0.170026,0.502258,1.06984,0.801485,-0.0171674,-0.462575,-0.403528,-0.452429,-0.614963,-0.463168,-0.238768,-0.39679,-0.677687,-0.631665,-0.194978,62.700001
15:35:41,0.60968,1.47505,1.76641,1.36953,0.698251,0.0101787,-0.561601,-0.868931,-0.894617,-0.63367,-0.10246,0.318151,0.156148,-0.415485,-0.7288,-0.500214,-0.097088,0.0652143,0.0977695,0.446191,63.5
15:35:42,1.10806,1.35164,0.587919,-0.773409,-1.6718,-1.41793,-0.393655,0.327896,0.322972,0.27381,0.653036,0.941283,0.760391,0.458638,0.14959,-0.36446,-0.738192,-0.514,-0.113474,-0.177077,63.5
15:35:43,-0.347856,-0.0094984,0.332955,-0.0920617,-0.739793,-0.572789,0.202404,0.450439,-0.22646,-0.9172,-0.661488,0.350669,1.26487,1.55941,1.25244,0.717551,0.374156,0.259153,0.0857301,-0.317551,63.0
15:35:44,-0.854497,-1.20034,-1.10298,-0.745006,-0.459755,-0.410389,-0.579694,-0.60824,-0.132881,0.616641,1.09355,1.07953,0.793704,0.405133,-0.116067,-0.48018,-0.333208,0.0595059,0.268804,0.231745,63.8500025
15:35:45,0.0167645,-0.118617,0.177839,0.570365,0.265726,-0.59466,-0.854491,-0.046479,0.847557,0.817526,0.0225257,-0.743529,-0.972644,-0.724982,-0.43495,-0.443038,-0.482606,0.0320716,0.832834,0.8865,65.300003
15:35:46,0.154197,-0.252323,0.042193,0.405644,0.520744,0.365196,-0.0707527,-0.264565,0.162883,0.660237,0.639788,0.0924395,-0.617627,-0.870943,-0.417907,0.190205,0.213093,-0.529448,-1.40104,-1.44165,66.5
15:35:47,-0.423405,0.764577,1.21719,1.08211,0.853424,0.510468,-0.0301542,-0.577575,-0.834882,-0.467827,0.439345,1.0723,0.830325,0.0942695,-0.485727,-0.66957,-0.523962,-0.246521,-0.00137157,0.143312,68.800003
15:35:48,0.174738,0.130056,-0.0291598,-0.325787,-0.56877,-0.577513,-0.317937,0.203489,0.861653,1.2652,0.919273,-0.0795898,-0.783275,-0.459366,0.393605,0.683138,0.125392,-0.582678,-0.868657,-0.934771,69.200005
15:35:49,-1.05711,-0.850308,0.0129035,0.987889,1.35568,0.993941,0.148334,-0.66917,-0.746097,0.0302791,0.923761,1.23138,0.877121,0.188314,-0.560261,-1.145,-1.17687,-0.598747,-0.00478923,0.161105,69.700005
15:35:50,0.111066,0.174641,0.279875,0.203247,0.0878335,0.242394,0.443343,0.00368729,-1.12626,-1.84183,-1.1463,0.490818,1.74949,1.98076,1.42613,0.490833,-0.387144,-0.688142,-0.361584,-0.0440562,71.049999
15:35:51,-0.294962,-0.830294,-0.953353,-0.466961,0.253867,0.532583,-0.0141588,-0.684051,-0.478548,0.416207,0.956114,0.613128,-0.0835522,-0.265848,0.0381304,0.0454654,-0.345108,-0.487401,-0.100672,0.5322,72.900002
15:35:52,0.902412,0.64978,0.0675989,-0.208905,-0.0996841,-0.0878445,-0.430306,-0.807559,-0.74334,-0.20347,0.344742,0.494651,0.250636,-0.105963,-0.189468,0.153349,0.548294,0.547095,0.279729,0.159779,74.0
15:35:53,0.0380333,-0.556385,-1.24979,-1.09851,-0.112919,0.719366,0.821859,0.506599,0.224462,0.0637525,-0.0500542,-0.155758,-0.202925,-0.0268865,0.310089,0.328662,-0.169343,-0.671465,-0.612717,-0.0749535,73.200005
15:35:54,0.297021,0.115613,-0.207001,-0.0895431,0.35654,0.519809,0.21136,-0.0815814,-0.015051,0.0900116,-0.086982,-0.290632,-0.277457,-0.22574,-0.150245,0.177923,0.548212,0.52683,0.210449,-0.135497,71.200005
15:35:55,-0.477995,-0.506813,0.0444556,0.501233,0.0567154,-0.827708,-1.03026,-0.239198,0.836475,1.23007,0.675233,-0.106283,-0.359467,-0.192708,-0.108479,-0.203897,-0.315363,-0.266857,0.114395,0.551354,69.099998
15:35:56,0.446847,-0.15669,-0.578434,-0.441687,0.0585863,0.513366,0.58294,0.23732,-0.227199,-0.424433,-0.182986,0.226138,0.377687,0.123087,-0.459475,-1.02464,-0.934352,-0.0154701,1.01793,1.37585,67.800003
15:35:57,0.883725,-0.0537108,-0.754014,-0.855554,-0.583086,-0.320457,-0.204374,0.0243537,0.584257,0.942579,0.524,-0.0887354,-0.0929274,0.150991,-0.00621676,-0.369738,-0.466029,-0.238545,0.0993496,0.31474,67.599998
15:35:58,0.305922,0.149691,-0.0356212,-0.075882,0.153375,0.318322,-0.127823,-0.965738,-1.27846,-0.818297,-0.212162,0.167452,0.458811,0.767315,0.967048,0.862818,0.444862,-0.0115452,-0.233927,-0.166056,67.800003
15:35:59,0.17748,0.527027,0.37866,-0.234216,-0.670883,-0.570214,-0.267897,-0.267833,-0.603935,-0.873729,-0.721165,-0.246937,0.14442,0.418535,0.900095,1.4846,1.60571,0.981753,-7.7486e-06,-0.617776,68.099998
15:36:00,-0.67542,-0.695299,-0.871026,-0.751408,-0.292738,-0.0663922,-0.237405,-0.210131,0.365022,0.743447,0.172031,-0.673757,-0.604559,0.359944,1.11687,0.911607,0.211497,-0.0167503,0.269144,0.20432,70.200005
15:36:01,-0.525782,-1.1469,-0.948228,-0.161878,0.556347,0.772174,0.398508,-0.177655,-0.384153,-0.171531,0.0575101,0.0318875,-0.271621,-0.537362,-0.2137,0.634141,1.12036,0.727753,-0.0190963,-0.398967,71.400002
15:36:02,-0.315457,-0.130436,-0.182829,-0.400248,-0.352282,-0.0549908,-0.0844015,-0.447308,-0.380406,0.416623,1.16793,0.991793,0.0439934,-0.739335,-0.727605,-0.0806075,0.534159,0.407625,-0.453117,-1.00167,70.599998
15:36:03,-0.57355,0.133089,0.349729,0.242757,0.365551,0.755475,0.807709,0.343922,-0.0627911,-0.154174,-0.19111,-0.344089,-0.590409,-0.699978,-0.380354,0.119224,0.221417,0.0116683,0.00567676,0.175607,68.300003
15:36:04,0.121796,-0.146537,-0.189729,0.176228,0.524111,0.358444,-0.12337,-0.297264,-0.0687391,0.112764,-0.0989252,-0.590231,-0.73269,-0.131682,0.699179,1.16724,1.24006,0.812185,-0.103331,-0.714735,66.150002
15:36:05,-0.57536,-0.379113,-0.614735,-0.885249,-0.743957,-0.297272,-0.0363634,-0.0943905,-0.0136108,0.470961,0.964922,0.915368,0.327869,-0.195251,-0.246343,-0.046566,0.140513,0.310662,0.269817,-0.22559,64.5
15:36:06,-0.748193,-0.508449,0.398912,0.956836,0.661717,0.0393922,-0.291668,-0.267754,-0.29005,-0.691267,-1.12582,-0.965787,-0.258165,0.40819,0.754732,0.928177,0.957667,0.616776,-0.0890407,-0.726772,63.700001
15:36:07,-0.896687,-0.595549,-0.146675,0.0955932,0.125245,0.270064,0.613701,0.827082,0.6907,0.24124,-0.436801,-0.964077,-0.702141,0.256126,0.857376,0.437583,-0.485013,-0.985418,-0.658278,0.150251,63.700001
15:36:08,0.602554,0.212018,-0.464919,-0.584372,-0.0782025,0.583406,0.90951,0.579456,-0.136787,-0.641293,-0.770754,-0.543136,0.0601404,0.66088,0.849951,0.685609,0.319187,-0.155759,-0.480758,-0.453124,63.799999
15:36:09,-0.236307,-0.150005,-0.182263,-0.0435308,0.187217,0.121789,-0.179267,-0.311914,-0.218208,-0.15632,-0.11233,0.186131,0.513137,0.324338,-0.173784,-0.260455,0.182382,0.634703,0.595432,-0.00751001,64.800003
15:36:10,-0.638264,-0.590876,0.0609338,0.418061,0.0716645,-0.334815,-0.296609,-0.075492,-0.0166879,-0.0968996,-0.0460059,0.22113,0.405698,0.306401,0.0949207,0.00385115,0.0118331,-0.134591,-0.437642,-0.46255,65.599998
15:36:11,-0.0596904,0.28831,0.289531,0.189914,0.0879833,-0.101719,-0.216262,-0.169812,-0.087847,0.0506966,0.129255,-0.151907,-0.571244,-0.549707,0.0777694,0.873477,1.07002,0.402638,-0.350051,-0.356126,66.200005
15:36:12,0.122759,0.282107,0.0151938,-0.216972,-0.266176,-0.236946,-0.105534,0.099369,0.13708,-0.163308,-0.548968,-0.54576,-0.0442763,0.520215,0.547718,-0.015407,-0.440103,-0.186881,0.314286,0.446429,65.700005
15:36:13,0.265572,0.0741034,-0.0765073,-0.100994,0.138845,0.398228,0.241943,-0.324948,-0.796341,-0.740828,-0.243208,0.318312,0.635269,0.604398,0.324568,-0.0167834,-0.181125,-0.10576,-0.0705659,-0.265361,65.099998
15:36:14,-0.515776,-0.514258,-0.0812242,0.50939,0.578213,-0.0586779,-0.638761,-0.510449,0.0291269,0.434928,0.550624,0.396319,0.0800762,-0.150414,-0.06947,0.287178,0.547109,0.384,-0.113447,-0.654894,64.300003
15:36:15,-0.931507,-0.676602,-0.0456698,0.416345,0.360243,-0.0303235,-0.191574,0.138564,0.468796,0.209885,-0.424583,-0.639076,-0.094167,0.736032,1.05018,0.374246,-0.723681,-0.967785,-0.115687,0.626074,62.900002
15:36:16,0.429306,-0.203685,-0.501638,-0.42009,-0.428047,-0.605234,-0.367338,0.606777,1.66233,1.83268,0.845324,-0.681658,-1.59775,-1.15519,-0.00642791,0.533983,0.117188,-0.58882,-0.876622,-0.54145,62.5
15:36:18,-0.741825,-1.37436,-0.938438,0.0325398,0.614992,0.412599,-0.0862635,-0.124649,0.354042,0.711531,0.557556,0.252192,0.252988,0.309038,-0.109986,-0.801142,-0.945654,-0.229517,0.668953,0.932769,63.200001
15:36:19,0.469325,-0.270545,-0.788186,-0.803293,-0.352293,0.213952,0.394687,0.0362231,-0.362942,-0.190231,0.365645,0.530214,0.234382,0.104554,0.245012,0.203979,-0.12859,-0.33335,-0.163647,-0.0227373,63.0
15:36:20,-0.282248,-0.598465,-0.510149,-0.140028,0.184587,0.410926,0.484632,0.349311,0.264334,0.359888,0.35525,0.108447,-0.177471,-0.289803,-0.21536,-0.138376,-0.172912,-0.179976,-0.165243,-0.368381,62.200001
15:36:21,-0.636831,-0.518517,-0.0887904,0.184761,0.316749,0.717453,1.23658,1.16013,0.295633,-0.673468,-0.935359,-0.450594,0.00466375,-0.0424854,-0.214584,-0.0943508,0.182058,0.198655,-0.137473,-0.395024,63.1000005
15:36:22,-0.250763,-0.0023706,-0.0365873,-0.14953,0.0528797,0.464649,0.71176,0.532634,-0.131035,-0.790656,-0.623623,0.434522,1.33736,1.04379,-0.249691,-1.30839,-1.26649,-0.438777,0.251288,0.225553,63.100002
15:36:23,-0.272363,-0.446686,0.0760446,0.674089,0.602939,0.131277,0.0349354,0.260235,0.190011,-0.141416,-0.279885,-0.166761,0.0766093,0.36878,0.360569,-0.221492,-0.872886,-0.791724,-0.088569,0.253627,63.600002
15:36:24,-0.128537,-0.330592,0.339889,1.19508,1.331,0.803033,0.131228,-0.315785,-0.556165,-0.87576,-1.1005,-0.804925,-0.288492,-0.0612846,-0.0109486,0.0145309,-0.0557262,0.0144686,0.428065,0.797525,63.900002
15:36:25,0.715522,0.34855,0.140724,0.204436,0.150871,-0.202549,-0.487147,-0.478634,-0.350396,-0.186942,0.163485,0.558109,0.494054,-0.0541447,-0.524011,-0.549747,-0.249479,0.0769379,0.256892,0.284212,64.0
15:36:26,0.192966,0.0656527,0.0337678,0.0796024,-0.0293218,-0.341116,-0.450263,-0.11486,0.262731,0.304046,0.181332,0.0568605,-0.278111,-0.756765,-0.817016,-0.169183,0.836113,1.42879,0.970079,-0.14489,64.0
15:36:27,-0.720718,-0.340643,0.267554,0.496371,0.300814,-0.26345,-0.949394,-1.26595,-0.884157,0.0997759,1.08408,1.33777,0.808693,0.125176,-0.255972,-0.339373,-0.257,-0.17814,-0.294279,-0.492193,63.700001
15:36:28,-0.347841,0.144719,0.363565,0.0692798,-0.184425,-0.0460136,0.0907228,-0.244027,-0.794079,-0.64597,0.556674,1.66741,1.25295,-0.223078,-0.859587,-0.144573,0.52607,0.228944,-0.388468,-0.435067,64.300003
15:36:29,0.0285442,0.29317,-0.00544548,-0.387825,-0.240653,0.177908,0.153864,-0.331388,-0.633907,-0.353756,0.274847,0.65107,0.397043,-0.192002,-0.481617,-0.206444,0.329847,0.62388,0.471226,0.0893398,64.599998
15:36:30,-0.214378,-0.268854,-0.0806658,0.077866,-0.0233968,-0.155799,-0.0466342,0.030648,-0.227917,-0.467423,-0.260743,0.183158,0.374538,0.167061,-0.146878,-0.255442,-0.166489,-0.0188637,0.214319,0.561491,64.599998
15:36:31,0.788775,0.61386,0.0355716,-0.607505,-0.814713,-0.389549,0.242811,0.434495,-0.00855927,-0.607263,-0.616874,0.153114,0.952671,0.841843,-0.214987,-1.22483,-1.16237,-0.0626759,0.944745,0.886894,65.099998
15:36:32,-0.00929948,-0.924808,-1.32958,-0.909924,0.225734,1.3003,1.6283,1.23008,0.603826,0.238685,0.127366,-0.0814883,-0.410363,-0.599967,-0.489327,-0.150181,-0.0786265,-0.574546,-0.972886,-0.650922,65.700005
15:36:33,-0.17069,-0.276355,-0.569553,-0.197713,0.871231,1.74066,1.48724,0.374694,-0.417876,-0.398567,-0.0629244,0.106283,0.0377275,-0.234203,-0.525292,-0.42871,0.0551721,0.361031,0.192664,-0.215078,65.3000035
15:36:34,-0.584964,-0.744534,-0.574478,-0.108592,0.413952,0.688157,0.670262,0.605114,0.580478,0.341445,-0.206913,-0.619852,-0.523115,-0.125331,0.215936,0.202441,-0.309174,-0.803914,-0.582552,0.147753,64.900002
15:36:35,0.510222,0.20225,-0.0648528,0.310432,0.794542,0.565158,-0.189471,-0.592997,-0.291061,0.157481,0.0265209,-0.570029,-0.771344,-0.139158,0.860243,1.5064,1.30871,0.0961413,-1.55511,-2.3087,63.900002
15:36:36,-1.45781,0.0816574,1.00265,1.07098,0.712881,0.195631,-0.21691,-0.199898,0.164844,0.412616,0.335894,0.185817,0.106635,-0.136472,-0.578669,-0.697793,-0.153492,0.458185,0.327066,-0.397868,62.600002
15:36:37,-0.86185,-0.57088,0.172498,0.742631,0.882295,0.628919,0.0509154,-0.461793,-0.475539,-0.211442,-0.124374,-0.140032,0.0485594,0.381406,0.54361,0.354484,-0.162796,-0.721455,-0.794593,-0.244802,62.0
15:36:38,0.332042,0.410735,0.203258,0.161751,0.302424,0.318697,0.0677952,-0.331418,-0.627041,-0.483242,0.161682,0.730994,0.534892,-0.27407,-0.703875,-0.169586,0.615547,0.515549,-0.518929,-1.30014,62.0
15:36:39,-0.8403,0.389428,1.11213,0.81297,0.0841103,-0.243775,0.0385362,0.423971,0.319409,-0.265453,-0.641743,-0.319094,0.277531,0.455868,0.124008,-0.292281,-0.427747,-0.304304,-0.129923,-0.0151708,61.200001
15:36:40,0.012126,-0.0437739,-0.0776129,0.0616025,0.338107,0.46446,0.201108,-0.298836,-0.597502,-0.406868,0.172754,0.700323,0.708388,0.193363,-0.24811,-0.119015,0.212914,0.0775351,-0.421496,-0.609797,60.700001
15:36:41,-0.247339,0.217219,0.335193,0.13679,-0.128169,-0.301495,-0.306357,-0.159222,-0.0984665,-0.247394,-0.171862,0.420051,0.908373,0.65516,-0.0337105,-0.526239,-0.528466,0.0146328,0.752056,0.944403,60.5
15:36:42,0.2498,-0.903697,-1.72528,-1.50924,-0.193561,1.34239,2.05078,1.58633,0.364659,-0.698533,-0.929307,-0.582505,-0.3007,-0.312251,-0.381515,-0.281034,-0.237191,-0.472075,-0.560616,0.0110453,61.799999
15:36:43,0.931556,1.26672,0.62853,-0.237042,-0.463138,-0.249946,-0.238481,-0.291183,0.0281744,0.547906,0.883482,0.898457,0.607911,0.132235,-0.386963,-0.751403,-0.789927,-0.645948,-0.5027,-0.346997,62.0
15:36:44,-0.199503,-0.0528128,0.154677,0.236827,-0.0328194,-0.303764,0.00530446,0.647211,0.737912,0.146862,-0.226876,0.0570552,0.326806,0.155178,0.0624769,0.367985,0.455839,-0.170881,-0.915112,-0.962255,61.700001
15:36:45,-0.528073,-0.279126,-0.0536914,0.559178,1.11946,0.93601,0.0588949,-0.71965,-0.731819,-0.190738,0.281201,0.395637,0.135529,-0.311914,-0.542573,-0.331886,0.0964889,0.349968,0.316531,0.171004,61.600002
15:36:46,0.0682202,-0.0407739,-0.250497,-0.258214,0.207942,0.506596,-0.0553148,-0.85796,-0.760674,0.224031,0.951375,0.627794,-0.252202,-0.537436,0.163286,0.948326,0.752095,-0.251051,-0.923921,-0.744626,61.900002
15:36:47,-0.326852,-0.197411,-0.0325158,0.336577,0.319316,-0.268601,-0.598761,0.000899106,1.00108,1.28878,0.529094,-0.595567,-1.17876,-0.855409,-0.081306,0.455612,0.547896,0.343579,0.0268891,-0.204796,62.200001
15:36:48,-0.170682,0.13128,0.356116,0.121953,-0.378938,-0.49163,-0.0494973,0.250906,-0.0156255,-0.267294,-0.0429735,0.243938,0.141117,-0.242403,-0.575018,-0.581154,-0.0663249,0.689067,0.866778,0.28148,61.700001
15:36:49,-0.0741492,0.435199,0.954337,0.377147,-0.906548,-1.37386,-0.58958,0.196647,0.172834,-0.0230903,0.178737,0.373702,0.156881,-0.185151,-0.343502,-0.389234,-0.323548,-0.035041,0.361054,0.590269,60.900002
15:36:50,0.425749,-0.104869,-0.474044,-0.18559,0.428118,0.639538,0.281186,-0.150082,-0.218257,-0.0865236,-0.0737721,-0.218736,-0.464038,-0.577033,-0.244532,0.33207,0.53775,0.155689,-0.285584,-0.211216,60.5
15:36:51,0.195183,0.360416,0.148738,-0.102593,-0.0755814,0.239077,0.467959,0.167946,-0.387933,-0.464301,-0.0880427,0.135214,0.126679,0.0995255,-0.130962,-0.562856,-0.615376,-0.0804726,0.450161,0.475462,60.299999
15:36:52,0.164643,-0.0666728,-0.0236907,0.110968,-0.0639552,-0.436696,-0.236448,0.713603,1.37229,0.820836,-0.477141,-1.252,-0.935806,-0.260932,-0.100467,-0.199906,0.117886,0.66137,0.708775,0.125518,60.400002
15:36:53,-0.40092,-0.298879,0.0457586,0.0194497,-0.142692,0.0938701,0.43484,0.219542,-0.236747,-0.023959,0.654284,0.546886,-0.664954,-1.69536,-1.33114,-0.00921923,0.784382,0.452203,-0.145378,-0.0843461,60.100002
15:36:54,0.557759,0.996898,0.61238,-0.240349,-0.480942,0.234146,0.901676,0.522588,-0.45189,-0.664584,0.198261,0.808674,0.11819,-1.05566,-1.388,-0.89987,-0.382521,-0.126496,0.0562943,0.277201,60.700001
15:36:55,0.363672,0.244136,0.229336,0.421429,0.498763,0.381793,0.256027,0.102987,-0.12747,-0.248891,-0.109661,0.0879346,-0.0710165,-0.56646,-0.645548,0.127908,1.00612,1.06943,0.327784,-0.605409,61.700001
15:36:56,-1.12312,-0.866608,-0.00591642,0.702731,0.565558,-0.285713,-0.928897,-0.635689,0.180086,0.527041,0.245651,0.0946978,0.424366,0.623568,0.300615,-0.0519132,-0.056833,-0.0362814,-0.32912,-0.636072,63.100002
15:36:57,-0.427679,0.0436914,0.0161276,-0.381267,-0.309337,0.255907,0.548662,0.333717,0.113574,0.268083,0.627051,0.730042,0.31201,-0.321502,-0.576028,-0.43744,-0.419978,-0.594395,-0.595973,-0.286897,64.800003
15:36:58,0.136391,0.34218,0.196696,-0.0780796,-0.179932,-0.0181245,0.215626,0.331663,0.404826,0.465855,0.311109,-0.0761906,-0.340997,-0.21156,0.153712,0.292844,-0.118774,-0.689134,-0.582557,0.181642,66.500004
15:36:59,0.54924,0.0576109,-0.429951,-0.164457,0.314536,0.1569,-0.337423,-0.200478,0.599988,1.0477,0.505199,-0.558316,-1.21424,-0.935478,-0.0393649,0.617755,0.568355,0.138652,-0.147886,-0.189205,70.099998
15:37:00,-0.117559,0.0848628,0.487061,0.782148,0.386384,-0.511509,-0.940122,-0.681193,-0.350588,-0.0577737,0.425674,0.655429,0.126422,-0.547877,-0.338412,0.575125,0.965781,0.380166,-0.252467,-0.267871,71.400002
15:37:01,-0.171361,-0.276324,-0.141649,0.183262,0.0646236,-0.483795,-0.779911,-0.389948,0.40638,0.772374,0.301714,-0.327397,-0.274113,0.387547,0.861831,0.586653,-0.148082,-0.542608,-0.191618,0.375007,71.200005
15:37:02,0.19381,-0.758096,-1.32373,-0.885393,-0.125214,0.325964,0.619683,0.880081,0.770155,0.158557,-0.379469,-0.280714,0.0814149,0.132773,0.119035,0.302963,0.326808,-0.024486,-0.469019,-0.598726,73.099998
15:37:03,-0.252469,0.220966,0.267611,-0.105615,-0.334905,-0.141396,0.172336,0.260484,0.139727,-0.0575878,-0.289702,-0.387265,-0.224641,-0.000865787,0.148324,0.328805,0.44938,0.266593,-0.107819,-0.254058,73.0
15:37:04,0.0319968,0.453721,0.522682,0.166116,-0.179773,-0.181019,-0.0786595,-0.250525,-0.462117,-0.283716,0.0185037,-0.0688598,-0.435841,-0.540437,-0.162156,0.312334,0.419157,0.157287,-0.142009,-0.076079,71.800003
15:37:05,0.439103,0.817176,0.519944,-0.107343,-0.314647,0.131758,0.726944,0.708891,-0.117358,-1.02117,-1.20853,-0.778196,-0.30825,-0.0301006,0.100329,0.0855992,0.0489216,0.184627,0.372044,0.357381,69.5
15:37:06,0.158025,-0.0354299,-0.0129325,0.264737,0.474114,0.406349,0.243788,0.105343,0.0221507,-0.0119472,-0.244439,-0.720976,-1.0077,-0.841252,-0.450051,-0.0726515,0.258114,0.462108,0.402682,0.169862,69.900002
15:37:07,0.068378,0.194903,0.360412,0.485649,0.633528,0.584703,0.00656652,-0.717888,-0.761242,-0.161948,0.172536,-0.130523,-0.415043,-0.147532,0.237989,0.151419,-0.21011,-0.346401,-0.173099,0.136727,70.200005
15:37:08,0.312721,0.17971,0.030164,0.176761,0.416794,0.403555,0.0230949,-0.566832,-0.894044,-0.543138,0.243768,0.749433,0.53564,-0.1315,-0.493481,-0.169888,0.360494,0.485541,0.173501,-0.236127,71.200005
15:37:09,-0.464286,-0.346131,0.0941992,0.456808,0.339756,-0.124364,-0.450707,-0.344677,0.0414961,0.256545,0.0248546,-0.303691,-0.166485,0.27093,0.434184,0.336266,0.205919,-0.128486,-0.579539,-0.528728,73.3500025
15:37:10,0.113562,0.561699,0.336927,-0.158194,-0.485336,-0.568487,-0.234933,0.509744,0.974801,0.649246,0.051185,-0.105606,0.0238382,-0.212364,-0.937533,-1.53482,-1.21891,0.0849138,1.28857,1.32712,74.0
15:37:11,0.583817,0.15167,0.289078,0.468931,0.290752,-0.290602,-0.965886,-1.11288,-0.456652,0.460735,0.753202,0.220208,-0.335749,-0.241456,0.167143,0.294574,0.157304,-0.0638756,-0.432536,-0.712176,74.099998
15:37:12,-0.354817,0.582455,1.09698,0.493941,-0.419447,-0.49641,0.0128964,0.0811924,-0.345583,-0.422553,0.0572896,0.46216,0.405686,0.0577263,-0.170477,-0.0149904,0.214558,0.0725925,-0.267784,-0.359495,73.300003
15:37:13,-0.164752,0.0336552,0.0627062,-0.00768575,0.0165148,0.218243,0.362148,0.163774,-0.261693,-0.464596,-0.123075,0.419193,0.317577,-0.485815,-0.79447,0.115815,1.15244,0.911206,-0.290638,-1.0308,71.900002
15:37:14,-0.740231,-0.0485927,0.331387,0.249518,-0.071242,-0.230313,0.0921927,0.574441,0.524433,-0.0059253,-0.289843,-0.0769923,0.171436,0.106425,-0.035685,0.0644792,0.169446,-0.19274,-0.790735,-0.862139,70.300003
15:37:15,-0.292064,0.282171,0.386412,0.102693,-0.179108,-0.0616262,0.586015,1.33649,1.37037,0.318278,-1.14152,-1.9258,-1.67864,-0.819669,0.154948,0.924761,1.25787,1.03504,0.439209,-0.0292761,69.700005
15:37:16,-0.0951287,-0.053937,-0.10994,0.0399679,0.349457,0.15143,-0.615625,-1.04349,-0.581762,0.221968,0.608756,0.456246,0.0531006,-0.270367,-0.309981,-0.155969,-0.0697794,-0.226278,-0.448238,-0.201399,69.400002
15:37:17,0.590635,0.984461,0.262182,-0.664078,-0.381949,0.85539,1.42061,0.663218,-0.422576,-0.998286,-1.29267,-1.41269,-0.772133,0.625428,1.6836,1.56795,0.456792,-0.873849,-1.56181,-1.2266,68.300003
15:37:18,-0.101709,1.22097,1.78395,0.826953,-1.00538,-1.91958,-1.0427,0.651005,1.67843,1.30913,-0.124274,-1.42605,-1.60995,-0.790728,0.358036,1.41086,2.01652,1.68096,0.553349,-0.317586,67.599998
15:37:19,-0.480283,-0.76155,-1.55826,-1.97529,-1.40637,-0.392332,0.375261,0.831982,1.1204,0.943281,0.172659,-0.48229,-0.431977,0.0082939,0.334763,0.454627,0.374449,0.0847149,-0.272755,-0.424715,67.800003
15:37:20,-0.124882,0.324943,0.223356,-0.323035,-0.460729,0.0846702,0.835563,1.18717,0.825148,0.175972,-0.0392841,0.058515,-0.24352,-0.998228,-1.51355,-1.32874,-0.665767,-0.0472877,0.181005,-0.0334233,68.5
15:37:21,-0.477283,-0.820027,-0.778142,-0.0779279,1.16961,2.15332,2.11862,1.25633,0.474517,0.359223,0.622175,0.597635,-0.0266666,-0.949767,-1.52494,-1.47205,-1.22769,-1.34364,-1.62955,-1.13975,67.5
15:37:22,0.450971,1.9353,1.89841,0.527315,-0.451452,0.0732828,1.1158,1.14676,0.0858592,-0.977512,-1.13723,-0.633546,-0.403371,-0.46624,-0.0539097,0.687299,0.964105,0.83197,0.672429,0.250066,67.0
15:37:23,-0.283218,-0.222035,0.210636,0.162187,-0.365117,-0.734718,-0.691962,-0.388295,0.0237705,0.253091,-0.125509,-0.906141,-1.12449,-0.229052,1.13273,1.69946,0.773678,-0.81831,-1.31495,-0.294481,66.200005
15:37:24,0.795035,0.801665,0.117711,-0.275691,-0.0463275,0.371014,0.560097,0.558954,0.472794,0.205788,-0.316489,-0.919517,-1.15012,-0.669453,0.277751,0.946354,0.701324,-0.146578,-0.558145,-0.285037,64.599998
15:37:25,-0.170772,-0.608338,-0.974425,-0.803009,-0.360284,0.103444,0.736326,1.42857,1.65798,1.22105,0.506837,0.0491463,-0.16953,-0.592223,-1.05452,-0.883822,-0.0856576,0.494278,0.120658,-0.897294,65.750004
15:37:26,-1.35662,-0.754923,0.0825897,0.49951,0.685389,0.784538,0.693372,0.482016,0.284861,0.0508162,-0.399121,-0.986827,-1.01901,0.130703,1.76838,2.12038,0.319066,-2.08797,-2.47977,-0.468878,67.800003
15:37:27,1.50166,1.43381,-0.0956762,-1.36448,-1.42136,-0.420965,0.713359,0.940394,0.189341,-0.469867,-0.0060561,1.40677,2.30884,1.4615,-0.4597,-1.62734,-1.28361,-0.311615,-0.0192981,-0.74173,68.599998
15:37:28,-1.53894,-1.33255,-0.18591,0.903864,1.28277,0.964095,0.0838052,-0.954402,-1.30384,-0.438573,1.08129,2.00617,1.86087,1.32669,0.736346,-0.252116,-1.20095,-1.13662,-0.30754,0.139536,71.200005
15:37:29,-0.119041,-0.6961,-1.48912,-2.1807,-1.8332,-0.208143,1.49987,1.93598,1.0305,-0.0297473,-0.210612,0.233259,0.491459,0.569318,0.906664,1.19736,0.757993,-0.301318,-1.08166,-1.05561,72.9000015
15:37:30,-0.573343,-0.188399,-0.230536,-0.619531,-0.827987,-0.544609,0.00373501,0.421483,0.539593,0.591107,0.850259,1.0358,0.589589,-0.303513,-0.729608,-0.292014,0.355437,0.397896,-0.22945,-0.857419,74.099998
15:37:31,-0.840968,-0.463773,-0.638796,-1.36434,-1.40927,-0.110638,1.4595,1.85324,1.1066,0.412524,0.438267,0.862071,1.07259,0.842895,0.600548,0.680469,0.568055,-0.350901,-1.8806,-3.13388,75.300003
15:37:32,-3.14331,-1.79873,-0.190754,0.622309,0.790892,0.965069,1.14507,1.08169,0.971757,0.969206,0.747623,0.0217428,-0.970525,-1.61986,-1.29505,0.0166543,1.28304,1.42568,0.529152,-0.433304,76.099998
15:37:33,-0.660801,-0.182949,0.332914,0.275261,-0.34502,-0.826127,-0.592771,-0.0663254,-0.126375,-0.735859,-0.679294,0.759591,2.27584,1.9639,0.0607989,-1.23815,-0.855187,-0.0510298,-0.058092,-0.367628,76.050003
15:37:34,-0.00982767,0.862365,1.1592,0.24403,-1.17842,-1.89615,-1.63368,-0.981276,-0.281277,0.525907,1.33331,1.8023,1.62755,0.815092,-0.159773,-0.779244,-0.951755,-0.736829,-0.121537,0.567766,76.599998
15:37:35,0.71866,0.224175,-0.350019,-0.546804,-0.507488,-0.457027,-0.20382,0.401891,0.879444,0.532769,-0.539355,-1.37344,-1.2255,-0.290662,0.702499,1.17402,0.879662,0.0492901,-0.484001,-0.115945,75.700005
15:37:36,0.663374,0.942113,0.506207,-0.00622475,-0.0218719,0.0648813,-0.411649,-1.17575,-1.39246,-0.859392,-0.10868,0.296095,0.272264,0.339515,0.799753,1.12444,0.868133,0.334102,-0.00216937,-0.161275,75.0
15:37:37,-0.532413,-1.1677,-1.48758,-0.882234,0.323597,1.08503,1.05924,0.75421,0.407504,-0.03369,-0.340196,-0.357551,-0.298243,-0.382825,-0.704471,-1.02956,-0.681289,0.497854,1.49958,1.33942,72.400002
15:37:38,0.413986,-0.0606575,0.241994,0.479708,0.0326285,-0.793113,-1.40964,-1.51786,-1.07981,-0.351196,0.21185,0.499191,0.815517,1.28713,1.55552,1.29245,0.805479,0.499987,0.102892,-0.757596,70.099998
15:37:39,-1.62022,-1.61847,-0.754434,-0.0242422,0.00962394,-0.110728,0.000777304,-0.200371,-0.970339,-1.32617,-0.301391,1.35624,1.88706,0.877767,-0.217861,-0.111321,0.797468,1.28702,0.922342,0.282165,67.8500025
15:37:40,-0.0908281,-0.248094,-0.327413,-0.35338,-0.508155,-0.870704,-1.15438,-1.16291,-1.03452,-0.756316,-0.174711,0.398102,0.527663,0.446362,0.613337,0.868041,0.631625,-0.165394,-0.67355,-0.126581,69.200005
15:37:41,1.00151,1.53973,1.02403,0.0897654,-0.378936,-0.255673,-0.194707,-0.613845,-1.06473,-0.945208,-0.351435,0.0843056,-0.00383168,-0.216779,0.00421035,0.44138,0.427543,-0.0674507,-0.351384,-0.0365519,68.400002
15:37:42,0.417869,0.476499,0.300464,0.276637,0.243888,-0.147429,-0.582176,-0.425925,0.212098,0.648632,0.581004,0.126072,-0.54156,-1.09871,-1.09614,-0.417527,0.408703,0.653512,0.221904,-0.228241,66.800003
15:37:43,-0.13417,0.352832,0.748954,0.789699,0.489656,0.0616892,-0.248769,-0.393353,-0.425956,-0.346322,-0.259842,-0.398507,-0.625424,-0.396995,0.286357,0.703463,0.485349,0.0343427,-0.118095,0.107906,65.5
15:37:44,0.391159,0.380949,0.0297808,-0.266661,-0.176916,0.00266606,-0.126602,-0.328,-0.165297,0.182263,0.145914,-0.351766,-0.676838,-0.250988,0.618741,0.966138,0.397242,-0.322585,-0.346723,0.12436,64.400002
15:37:45,0.310825,-0.00518106,-0.345453,-0.3361,-0.0786278,0.181735,0.235193,0.0138209,-0.217786,-0.181288,0.0931912,0.363643,0.301652,-0.146785,-0.608817,-0.683206,-0.289611,0.208369,0.425545,0.457335,63.400002
15:37:46,0.500069,0.452224,0.188303,-0.186451,-0.460416,-0.524035,-0.335985,0.046384,0.331393,0.269915,-0.0589992,-0.39292,-0.404963,0.0773506,0.596211,0.476799,-0.143417,-0.470433,-0.0289682,0.787581,62.100002
15:37:47,0.99057,0.179327,-0.891459,-1.36221,-1.00557,-0.147233,0.383704,0.215594,0.132088,0.674689,1.01782,0.31509,-0.772162,-1.13638,-0.774369,-0.169126,0.404829,0.601348,0.502905,0.850268,61.900002
15:37:48,1.55945,1.32557,-0.0792139,-1.01333,-0.618331,-0.0643803,-0.340788,-0.97599,-1.33052,-1.34222,-0.957326,-0.122032,0.710693,0.982112,0.746899,0.440056,0.329664,0.252753,-0.041134,-0.248824,62.700001
15:37:49,-0.0475013,0.194929,0.128539,0.0600018,0.366029,0.825545,0.762109,-0.161378,-1.24378,-1.42762,-0.680918,0.243146,0.852406,0.940781,0.648519,0.441293,0.145207,-0.788748,-1.79823,-1.71185,63.600002
15:37:50,-0.492015,0.835336,1.48596,1.42385,0.933218,0.199538,-0.574299,-1.11792,-1.28004,-0.869916,0.166322,1.17057,1.22298,0.239232,-0.918821,-1.30523,-0.651142,0.484953,1.18327,0.959056,64.599998
15:37:51,0.207382,-0.315115,-0.342172,-0.0856229,0.233472,0.467935,0.574378,0.658108,0.652793,0.187963,-0.787395,-1.6365,-1.68107,-0.928224,-0.126036,-0.036275,-0.505421,-0.701441,-0.257627,0.515338,66.0
15:37:52,1.27014,1.7253,1.62823,0.998338,0.178095,-0.31478,-0.247216,0.0712912,0.176123,-0.0842364,-0.465937,-0.741203,-0.876189,-0.809106,-0.547411,-0.191261,0.290194,0.809446,0.902054,0.30643,66.049999
15:37:53,-0.52398,-0.99804,-1.16132,-1.27975,-1.02563,-0.0349109,1.25441,2.06343,2.02244,1.3464,0.615917,0.184123,-0.104928,-0.310261,-0.249209,-0.166832,-0.552917,-1.32789,-1.74769,-1.18277,66.099998
15:37:54,-0.0893791,0.345641,-0.0395128,-0.154745,0.38447,0.795934,0.661083,0.217036,-0.227301,-0.18567,0.454435,0.833009,0.4263,-0.155198,-0.427612,-0.441194,-0.210695,0.157814,0.509066,0.739067,65.300003
15:37:55,0.713806,0.583526,0.448079,-0.152663,-1.28205,-1.88916,-1.20152,-0.0739713,0.13052,-0.538944,-0.886004,-0.251148,0.861364,1.32979,0.662657,-0.234159,-0.266899,0.436001,0.867676,0.406575,64.300003
15:37:56,-0.462693,-0.756611,-0.149591,0.696849,0.95837,0.637205,0.242236,-0.0624946,-0.264386,-0.195795,0.0481644,-0.0170545,-0.478972,-0.71991,-0.623032,-0.888563,-1.45756,-1.29768,-0.134066,1.05282,64.200005
15:37:57,1.30276,0.686786,0.187005,0.502073,1.08742,1.04659,0.467674,0.0443753,-0.147544,-0.506711,-0.907974,-0.940504,-0.590839,-0.00719252,0.560413,0.52108,-0.305523,-1.01292,-0.746375,0.104707,64.700005
15:37:58,0.766954,1.03052,0.79797,0.142483,-0.39619,-0.676637,-1.01654,-1.10412,-0.2763,1.12167,1.67961,0.737447,-0.476585,-0.513135,0.405522,0.943357,0.365688,-0.681529,-1.04225,-0.41003,65.900002
15:37:59,0.462487,0.697308,0.210785,-0.393461,-0.680098,-0.683748,-0.501098,-0.243254,-0.141734,-0.107712,0.166351,0.443966,0.267332,-0.126615,-0.134645,0.194378,0.285336,0.141719,0.323343,0.839447,67.200005
15:38:00,1.09776,0.783468,0.126632,-0.529245,-0.984524,-1.06512,-0.787313,-0.467318,-0.287246,-0.189069,-0.0912699,0.151965,0.639117,1.1389,1.16578,0.456018,-0.589724,-1.15161,-0.905533,-0.315655,67.900002
15:38:01,0.064531,0.042522,-0.203025,-0.196292,0.282728,0.785195,0.817397,0.490326,0.121139,-0.182821,-0.263253,-0.100872,-0.131044,-0.521671,-0.716861,-0.28898,0.367686,0.599485,0.297008,-0.148392,68.700005
15:38:02,-0.294361,-0.0804755,0.0250515,-0.306506,-0.659895,-0.366678,0.523352,1.13652,0.958518,0.403217,-0.0689272,-0.324208,-0.327034,-0.169218,0.0643394,0.221657,0.0265558,-0.460937,-0.845437,-0.877102,69.700005
15:38:03,-0.559615,-0.043741,0.35408,0.360544,0.182133,0.257211,0.537906,0.599216,0.306059,-0.00996095,0.0537269,0.435164,0.533618,-0.0876197,-0.868045,-0.750796,0.127724,0.389914,-0.454062,-1.19768,68.900002
15:38:04,-0.796823,0.188196,0.728206,0.721056,0.524201,0.302435,0.107514,-0.0894098,-0.187693,-0.0778341,-0.084147,-0.30481,-0.249851,0.0530831,0.061394,-0.101573,0.0389749,0.330468,0.313913,-0.000301987,67.099998
15:38:05,-0.20432,-0.129862,0.150112,0.611587,0.834859,0.127452,-1.30779,-2.12445,-1.27874,0.506691,1.46885,0.96558,0.0189764,-0.218735,0.257418,0.630231,0.3947,-0.11607,-0.366952,-0.316693,65.700005
15:38:06,-0.132594,0.192984,0.49435,0.315331,-0.347138,-0.807306,-0.633446,-0.20208,-0.00343823,-0.0116581,-0.0232125,0.0375091,0.222353,0.404813,0.334308,0.0925568,0.0257212,0.217709,0.365248,0.220862,65.200005
15:38:07,-0.0514752,-0.174706,-0.191948,-0.287652,-0.384137,-0.282159,-0.131806,-0.227934,-0.363977,-0.14038,0.352241,0.651,0.367091,-0.301848,-0.603937,-0.191204,0.536199,1.0193,0.907034,0.206515,65.900002
15:38:08,-0.620859,-0.964282,-0.679566,-0.199493,0.0940602,0.227708,0.377214,0.536577,0.50777,0.257322,0.0794595,0.130193,0.0486198,-0.539086,-1.31958,-1.47311,-0.619659,0.535414,0.887549,0.374913,68.250004
15:38:09,-0.0864074,-0.0970849,0.0519003,0.176905,0.156565,0.0209551,0.193171,0.685992,0.711125,-0.0229746,-0.554842,-0.0807167,0.723655,0.651511,-0.383377,-1.38847,-1.41932,-0.36298,0.797231,0.877035,70.200005
15:38:10,0.0637211,-0.361116,0.0423263,0.486082,0.387559,-0.0509956,-0.461368,-0.581921,-0.260788,0.246585,0.392314,0.0285918,-0.307591,-0.0841511,0.433203,0.650631,0.491462,0.13285,-0.363318,-0.818555,73.300003
15:38:11,-0.899531,-0.424895,0.295463,0.563082,0.116011,-0.350595,-0.129043,0.374066,0.384097,0.0526031,0.0458951,0.422226,0.574388,0.159844,-0.347206,-0.432993,-0.280801,-0.208586,-0.109904,0.110603,76.549999
15:38:12,0.116305,-0.260569,-0.523889,-0.306597,0.0927963,0.367425,0.527342,0.524206,0.232246,-0.311093,-0.826964,-0.861114,-0.267522,0.437888,0.750824,0.742087,0.462491,-0.1126,-0.46028,-0.235709,78.5
15:38:13,0.0823508,0.120475,0.000554934,-0.142238,-0.148992,0.084612,0.27654,0.201603,0.069707,-0.0807784,-0.401041,-0.533282,-0.130213,0.298347,0.237741,-0.00971955,-0.150575,-0.287723,-0.314132,0.000181854,77.200005
15:38:14,0.493567,0.674882,0.220037,-0.564094,-0.819564,-0.139336,0.67671,0.633283,-0.064119,-0.42404,-0.156217,0.112493,0.0697075,0.129147,0.401472,0.349152,-0.180224,-0.620438,-0.526743,0.00028643,77.400002
15:38:15,0.49029,0.510107,0.112548,-0.333706,-0.58423,-0.44773,0.0975188,0.543062,0.442661,0.0210158,-0.320868,-0.469285,-0.469769,-0.276926,0.172582,0.641438,0.788175,0.574766,0.0974898,-0.499767,75.900002
15:38:16,-0.730015,-0.15839,0.711135,0.787139,-0.0893261,-0.861754,-0.749172,-0.0585932,0.458476,0.300676,-0.359672,-0.69966,-0.211002,0.497622,0.452749,-0.298258,-0.72781,-0.253178,0.578542,0.945319,74.0
15:38:17,0.668604,0.11495,-0.333042,-0.389673,0.0721116,0.630089,0.541487,-0.257454,-0.856206,-0.549762,0.0757177,0.0719383,-0.361558,-0.389689,-0.00467789,0.162079,0.0368563,0.0604483,0.287917,0.389498,73.0
15:38:18,0.293195,0.19222,0.084524,-0.195687,-0.480564,-0.392439,-0.0269316,0.205937,0.217414,0.147319,-0.0168397,-0.309182,-0.459068,-0.154932,0.436027,0.765873,0.56165,0.147392,-0.101997,-0.292587,72.900002
15:38:19,-0.679099,-0.969638,-0.513427,0.516248,1.02607,0.479591,-0.411153,-0.648106,-0.130453,0.398835,0.461266,0.266482,0.0540134,-0.143578,-0.239733,-0.274903,-0.358148,-0.295654,0.0745771,0.471931,70.400002
15:38:20,0.471809,-0.0357709,-0.617815,-0.549432,0.199597,0.646795,0.231299,-0.357134,-0.319853,0.451357,1.41465,1.40301,-0.12905,-1.74448,-1.56672,0.0302217,0.886908,0.0467485,-1.17915,-1.19598,68.9500005
15:38:21,-0.102138,0.766939,0.679857,0.135872,-0.0118384,0.455346,0.908393,0.719969,-0.0288678,-0.764057,-0.824021,-0.0923773,0.676781,0.667683,-0.0893867,-0.813053,-0.846665,-0.316244,0.2101,0.504535,67.400002
15:38:22,0.605334,0.334401,-0.323194,-0.849474,-0.675061,0.203014,1.09069,1.12072,0.164068,-0.742436,-0.595519,0.120427,0.291469,-0.214096,-0.681921,-0.594964,-0.183868,-0.0464913,-0.236077,-0.226435,67.5
15:38:23,0.24493,0.871073,1.10514,0.800604,0.465201,0.361161,0.0695868,-0.544877,-0.916129,-0.698754,-0.339689,-0.330761,-0.44996,-0.257687,0.138558,0.321699,0.151043,-0.127208,-0.080457,0.442638,68.300003
15:38:24,0.851077,0.464499,-0.297089,-0.451876,0.0429463,0.377976,0.142585,-0.228965,-0.259247,-0.0946843,-0.0641892,-0.174655,-0.215006,-0.0139575,0.303883,0.388517,0.104361,-0.247093,-0.218029,0.160277,68.599998
15:38:25,0.278703,-0.0886366,-0.334346,-0.122566,-0.00691921,-0.393716,-0.692876,-0.18874,0.721514,1.06261,0.59921,-0.116241,-0.508052,-0.376486,0.0505351,0.286181,0.110207,-0.157424,-0.146041,0.0639108,68.099998
15:38:26,0.200469,0.202834,0.00908752,-0.418036,-0.606652,-0.202949,0.131095,-0.269332,-0.772731,-0.317917,0.845924,1.39984,0.82672,-0.104598,-0.465055,-0.0466584,0.49196,0.419717,-0.111563,-0.439721,66.900002
15:38:27,-0.353205,-0.221355,-0.43426,-0.815243,-0.748915,-0.0990254,0.463051,0.377318,-0.0531673,-0.223902,0.00574416,0.480111,1.00393,1.18627,0.713862,-0.106816,-0.626985,-0.571733,-0.194956,-0.0146968,65.900002
15:38:28,-0.290336,-0.611244,-0.555515,-0.375693,-0.322628,-0.20465,0.0393432,0.281911,0.508386,0.637526,0.554929,0.37689,0.231709,0.0495837,-0.173027,-0.188619,0.145693,0.406862,0.110533,-0.384353,65.0
15:38:29,-0.475184,-0.413773,-0.665341,-0.896465,-0.61561,0.000907421,0.555327,0.861536,0.772138,0.312825,-0.0811866,-0.0099327,0.34015,0.521853,0.38911,-0.0118434,-0.549412,-0.873174,-0.727355,-0.290471,64.200005
15:38:30,0.12028,0.363428,0.344229,0.0887112,-0.133044,-0.146203,0.00210802,0.17125,0.174995,0.0445589,0.0421997,0.165134,0.0979496,-0.193946,-0.309754,-0.014859,0.325697,0.22212,-0.162882,-0.291877,62.900002
15:38:31,-0.148269,-0.0389418,0.0451929,0.114383,-0.0220957,-0.296923,-0.39655,-0.162619,0.283293,0.667807,0.73174,0.352921,-0.212744,-0.461292,-0.311029,-0.165931,-0.252331,-0.30693,0.0112891,0.543158,61.600002
15:38:32,0.677376,0.0991284,-0.682107,-0.820663,-0.13199,0.602167,0.518041,-0.221787,-0.6633,-0.318188,0.417133,0.890842,0.73327,0.0999123,-0.353026,-0.194128,0.174213,0.18783,-0.113808,-0.416569,61.100002
15:38:33,-0.526363,-0.411904,-0.360336,-0.556123,-0.515958,0.0785326,0.691235,0.86528,0.733539,0.464026,0.0864322,-0.325893,-0.54281,-0.246656,0.438138,0.750841,0.17166,-0.740638,-0.909931,-0.140524,61.100002
15:38:34,0.576022,0.325569,-0.517614,-0.772829,-0.108602,0.575278,0.448127,-0.266805,-0.55213,0.139001,1.00867,0.961036,0.109597,-0.498196,-0.331986,0.0644126,-0.0196579,-0.511861,-0.673397,-0.0880073,61.400002
15:38:35,0.588613,0.472647,-0.247251,-0.773703,-0.758611,-0.251651,0.467096,0.858572,0.618952,0.0659598,-0.141548,0.35472,1.07787,1.07066,-0.00342691,-1.32394,-1.65037,-0.823222,-0.109617,-0.356338,62.500002
15:38:36,-0.811621,-0.581663,0.142747,0.727688,0.896253,0.866981,0.95972,1.06914,0.817734,0.201232,-0.298947,-0.399202,-0.336089,-0.31878,-0.387758,-0.647686,-0.920392,-0.719882,-0.085808,0.261186,64.099998
15:38:37,0.0174834,-0.31833,-0.328813,-0.0234686,0.46254,0.906969,1.06357,0.840538,0.297771,-0.281178,-0.425819,-0.103727,0.0540333,-0.31653,-0.783172,-0.832395,-0.418269,0.081502,0.139575,-0.190972,65.300003
15:38:38,-0.260301,0.128702,0.58006,0.799819,0.717386,0.407715,0.100974,-0.0410052,-0.0384576,-0.0288777,-0.162722,-0.324969,-0.263467,-0.181111,-0.470862,-0.855491,-0.730223,-0.0491098,0.767351,1.14551,66.200005
15:38:39,0.733972,0.0551356,-0.0153756,0.383608,0.268775,-0.45669,-0.700581,-0.104269,0.3165,-0.112137,-0.849553,-1.0241,-0.334113,0.676529,1.03841,0.419136,-0.366077,-0.372593,0.216527,0.485794,66.599998
15:38:40,0.174614,-0.0969699,0.0517351,0.297886,0.32971,0.0836377,-0.350154,-0.535597,-0.326812,-0.26708,-0.458793,-0.30161,0.173392,0.313364,0.243076,0.564785,0.91779,0.55421,-0.162438,-0.40891,65.5
15:38:41,-0.31758,-0.462219,-0.70743,-0.55283,-0.0835324,0.183931,0.137684,0.0832213,0.143511,0.258083,0.38898,0.303057,-0.157921,-0.437385,0.0884956,0.84101,0.661866,-0.366215,-1.03738,-0.776223,65.400002
15:38:42,-0.1226,0.276034,0.246478,-0.0425011,-0.14851,0.154892,0.391188,0.197902,0.0719223,0.403234,0.599091,0.174309,-0.347959,-0.441675,-0.271465,-0.21268,-0.391124,-0.480881,-0.187516,0.145704,64.400002
15:38:43,0.111065,-0.0826203,-0.0140579,0.282219,0.373753,0.146217,0.00304264,0.145805,0.285358,0.236247,0.144442,0.0127883,-0.268103,-0.411315,-0.159428,0.0233616,-0.345595,-0.705843,-0.172705,0.81777,63.200001
15:38:44,0.965512,0.160604,-0.418693,-0.0947387,0.558086,0.596719,-0.145264,-0.946929,-1.18773,-0.874487,-0.299127,0.192944,0.415077,0.509337,0.62702,0.641316,0.353195,-0.114736,-0.332257,-0.130915,63.0
15:38:45,0.21668,0.426064,0.294098,-0.196478,-0.622323,-0.59825,-0.199703,0.349409,0.790558,0.749117,0.130507,-0.593203,-0.904019,-0.798606,-0.594098,-0.40425,-0.0849673,0.356248,0.735586,0.949917,61.900002
15:38:46,0.925982,0.57411,-0.0701512,-0.672304,-0.786787,-0.391624,0.0313884,0.0550189,-0.159573,-0.161382,0.0870419,0.297899,0.31886,0.218938,0.128059,-0.00649457,-0.260299,-0.346602,-0.0143923,0.331396,61.200001
15:38:47,0.212738,-0.106984,-0.16897,-0.0472733,-0.0974102,-0.443957,-0.661496,-0.134698,0.86828,1.19882,0.381244,-0.759729,-1.26113,-0.867155,0.0719402,0.870472,1.07397,0.870646,0.601871,0.13577,60.700001
15:38:48,-0.656003,-1.19024,-0.888034,-0.0506065,0.50528,0.227388,-0.505005,-0.713519,-0.102532,0.736331,1.10646,0.793644,0.187181,-0.293285,-0.541058,-0.481628,-0.236129,-0.142289,-0.0925442,0.129188,60.100002
15:38:49,0.135631,-0.250828,-0.398794,0.106098,0.720541,0.666225,-0.132494,-0.943185,-0.894607,0.058109,0.975675,0.954355,0.101876,-0.620843,-0.499996,0.156664,0.587736,0.530068,0.18789,-0.22054,60.200001
15:38:50,-0.557146,-0.693722,-0.510924,-0.0428298,0.395031,0.403423,-0.0543984,-0.565246,-0.62322,-0.0347256,0.765096,1.02859,0.473636,-0.428192,-0.86369,-0.469435,0.432061,1.25211,1.35924,0.472258,61.200001
15:38:51,-0.803021,-1.52514,-1.35983,-0.45249,0.687782,1.02474,0.13547,-0.885783,-0.867223,-0.0848024,0.435066,0.331994,-0.0253657,-0.231012,-0.0870053,0.306614,0.729608,1.06254,0.908107,-0.0511115,61.299999
15:38:52,-1.07866,-1.09347,-0.195148,0.520272,0.39775,-0.102235,-0.143599,0.278192,0.341861,-0.196068,-0.631902,-0.575868,-0.307035,0.00862497,0.369549,0.531598,0.2713,-0.292344,-0.832293,-0.854722,61.700001
15:38:53,-0.113957,0.746802,0.857058,0.293853,-0.169005,-0.108444,0.32941,0.7608,0.707436,0.0385424,-0.691779,-0.807569,-0.2192,0.391078,0.258093,-0.40527,-0.765451,-0.53603,-0.0804565,0.173204,62.100002
15:38:54,0.184138,0.208156,0.291033,0.292377,0.282103,0.370701,0.327312,-0.11732,-0.663892,-0.687448,-0.188984,0.20286,0.250242,0.257552,0.324675,0.168976,-0.297717,-0.537828,-0.0464728,0.647621,62.600002
15:38:55,0.579859,-0.239967,-0.866116,-0.618462,0.128694,0.495731,0.284396,-0.0457919,-0.195961,-0.158417,-0.0114607,0.151379,0.224866,0.156722,0.0348156,-0.0383664,0.0325589,0.26197,0.274252,-0.206979,62.700001
15:38:56,-0.629207,-0.42092,0.0355227,0.206918,0.27054,0.434958,0.329253,-0.20988,-0.544087,-0.265244,0.0266185,-0.224773,-0.562549,-0.198707,0.743458,1.18618,0.530002,-0.521661,-0.942892,-0.503212,62.200001
15:38:57,0.220375,0.540336,0.267033,-0.209092,-0.337543,-0.0512389,0.198112,0.100454,-0.129898,-0.0279745,0.436205,0.645601,0.160934,-0.652796,-1.10142,-0.825508,0.0141215,0.778051,0.855041,0.399657,62.400002
15:38:58,0.0250053,-0.085456,-0.149533,-0.220178,-0.144522,0.030271,0.0809003,0.0143663,-0.0199547,-0.00432709,0.0339883,0.125468,0.208547,0.0554271,-0.314396,-0.482775,-0.254745,0.0513927,0.0672703,-0.119457,62.0
15:39:00,-0.234183,-0.468348,-0.382865,-0.0816759,0.142158,0.0897065,0.0177065,0.240965,0.420638,0.147405,-0.223524,-0.14031,0.258989,0.368976,-0.0294152,-0.506906,-0.517509,-0.0531336,0.353208,0.43428,63.100002
15:39:01,0.484874,0.561406,0.251377,-0.46363,-0.942175,-0.672129,0.161196,0.803645,0.569272,-0.399062,-1.16313,-0.92555,0.132194,1.06386,1.18609,0.637598,-0.0630333,-0.579788,-0.763508,-0.561052,64.099998
15:39:02,-0.133714,0.117694,-0.042918,-0.255309,0.0224257,0.719634,1.12373,0.726288,-0.133445,-0.759353,-0.819481,-0.419355,-0.013135,-0.0042423,-0.161453,-0.094245,0.0476155,0.131174,0.339639,0.513981,64.800003
15:39:03,0.392439,0.288949,0.428599,0.375908,-0.0857335,-0.449455,-0.3567,-0.247754,-0.663965,-1.2996,-1.31187,-0.534559,0.334941,0.814096,0.93773,0.740429,0.349033,0.145987,0.335199,0.639928,66.599998
15:39:04,0.616618,0.124584,-0.601179,-1.15205,-1.12388,-0.384944,0.698319,1.42291,1.1882,0.0674792,-1.01714,-1.16024,-0.450065,0.27773,0.430794,0.0745199,-0.385216,-0.5193,-0.0305694,0.858883,67.300003
15:39:05,1.1968,0.230372,-1.28242,-1.68412,-0.616452,0.640743,1.01636,0.586026,0.013418,-0.131432,0.141007,0.193857,-0.266607,-0.530625,-0.0821158,0.474834,0.552441,0.386543,0.198621,-0.119996,68.5
15:39:06,-0.418262,-0.475042,-0.452808,-0.52057,-0.460949,-0.101453,0.313533,0.491437,0.346534,0.021286,-0.0473779,0.422543,1.02083,1.13744,0.670302,-0.191291,-1.08799,-1.3732,-0.847757,-0.217731,67.6000025
15:39:07,-0.108994,-0.219977,0.00696757,0.407835,0.368722,-0.185593,-0.587901,-0.391356,-0.0115739,0.209377,0.589119,0.994109,0.675807,-0.187777,-0.503234,-0.04774,0.382926,0.367864,0.172154,0.0951385,67.300003
15:39:08,0.0682625,-0.183985,-0.590778,-0.693362,-0.377964,-0.150617,-0.317983,-0.344503,0.266791,0.850684,0.479561,-0.392278,-0.554492,0.105382,0.671463,0.625309,0.188361,-0.295077,-0.563983,-0.41784,67.400002
15:39:09,-0.0279099,0.165077,0.0820965,0.0383099,0.162631,0.232532,0.186546,0.328349,0.582673,0.312893,-0.512477,-0.97646,-0.574706,0.0111083,-0.00459766,-0.467255,-0.716481,-0.431243,0.16688,0.615475,68.0
15:39:10,0.637118,0.427487,0.42548,0.705984,0.749066,0.0813277,-0.823473,-0.997833,-0.33017,0.340443,0.360099,0.0260432,-0.0753385,-0.0941789,-0.42528,-0.794203,-0.57902,0.23461,0.783003,0.535574,69.700005
15:39:11,0.143475,0.25756,0.566267,0.440401,-0.210578,-0.795397,-0.688588,-0.0753482,0.240981,-0.015918,-0.262122,-0.0169143,0.356261,0.220373,-0.284396,-0.371686,0.167482,0.604942,0.44504,0.0983465,69.599998
15:39:12,-0.0632206,-0.282116,-0.66144,-0.785495,-0.313938,0.465002,0.830444,0.488049,-0.0829671,-0.302159,-0.0438018,0.324684,0.328061,0.0327055,-0.13177,-0.102154,-0.121754,-0.265046,-0.42701,-0.489062,70.099998
15:39:13,-0.343101,-0.0569881,0.0967159,0.102352,0.252923,0.540469,0.635294,0.433227,0.122955,-0.0952884,-0.126872,-0.0111006,0.0567049,-0.105207,-0.35644,-0.413135,-0.378357,-0.417637,-0.207434,0.335481,70.500004
15:39:14,0.534061,0.0869156,-0.328309,-0.111143,0.561858,0.99835,0.533613,-0.598753,-1.15796,-0.494151,0.457504,0.589707,0.0799779,-0.237724,-0.221352,-0.327562,-0.556975,-0.433775,0.148376,0.714815,69.800003
15:39:15,0.82622,0.504206,0.012801,-0.34754,-0.280801,0.214444,0.617823,0.402448,-0.201657,-0.531879,-0.436209,-0.250695,-0.213194,-0.399306,-0.727271,-0.770147,-0.179404,0.699294,1.22355,1.19771,70.099998
15:39:16,0.701782,-0.297609,-1.45767,-1.77016,-0.631958,1.13721,2.0637,1.57959,0.310183,-0.748708,-0.990448,-0.521721,-0.00119537,-0.0198476,-0.37134,-0.21679,0.593874,0.909099,-0.0522278,-1.2235,70.300003
15:39:17,-1.27097,-0.336756,0.651441,0.919754,0.306559,-0.403856,-0.315929,0.339268,0.564269,0.103587,-0.322796,-0.209053,0.19276,0.388653,0.199542,-0.122727,-0.216245,-0.0605829,-0.00909355,-0.306289,72.0500035
15:39:18,-0.713782,-0.70419,-0.0149422,0.962187,1.42794,0.875658,-0.34029,-1.10505,-0.722317,0.0935074,0.243792,-0.209064,-0.460052,-0.179318,0.362366,0.688987,0.490014,0.000161856,-0.248483,-0.0353538,73.0
15:39:19,0.334207,0.275368,-0.27479,-0.590141,-0.238166,0.221349,0.0695914,-0.497703,-0.633331,-0.0658668,0.505703,0.378717,-0.251689,-0.627716,-0.375439,0.170254,0.609143,0.884397,0.776131,0.131689,72.900002
15:39:20,-0.386487,-0.163447,0.32469,0.373064,0.0539772,-0.244518,-0.486391,-0.754741,-0.794545,-0.325025,0.314291,0.432241,-0.025759,-0.339877,-0.0620864,0.466014,0.68275,0.346027,-0.209791,-0.318014,72.700005
15:39:21,0.186069,0.685297,0.51872,-0.242574,-0.91987,-1.00896,-0.516199,0.246206,0.7287,0.500113,-0.107483,-0.320188,0.00540392,0.301439,0.207785,-0.0864275,-0.184565,0.130874,0.52994,0.418481,72.099998
15:39:22,-0.281491,-1.06661,-1.28123,-0.585239,0.554103,1.21394,0.99578,0.288559,-0.24385,-0.300786,-0.109109,0.051865,0.0864818,-0.0233612,-0.158983,-0.186457,-0.0903254,0.118827,0.31085,0.175874,71.5
15:39:23,-0.359554,-0.821535,-0.706923,-0.12323,0.358429,0.422722,0.314854,0.273262,0.265689,0.285569,0.266281,0.119871,0.00797769,0.0401466,0.00560135,-0.258078,-0.552067,-0.568415,-0.380998,-0.341352,70.300003
15:39:24,-0.295544,0.253022,0.903842,0.708652,-0.133806,-0.460793,0.0943445,0.704524,0.697022,0.266604,-0.258084,-0.719098,-0.809891,-0.431465,0.0234764,0.202955,0.105738,-0.0648499,-0.0112357,0.243158,69.5
15:39:25,0.177119,-0.312657,-0.514163,-0.0274282,0.623469,0.691194,0.0694758,-0.41016,-0.0229056,0.574022,0.336354,-0.472203,-0.814149,-0.366265,0.203033,0.268229,0.0969843,0.168991,0.294917,0.0454049,68.900002
15:39:26,-0.411358,-0.475319,-0.0144512,0.470402,0.467504,-0.0760516,-0.64385,-0.615611,-0.0177949,0.510504,0.480666,0.0648933,-0.155722,0.0313554,0.220046,0.1177,-0.0309816,-0.0271736,-0.0037141,0.00334106,68.700005
15:39:27,0.0300959,-0.0544696,-0.314983,-0.538082,-0.318188,0.382831,0.87438,0.537776,-0.376405,-1.00044,-0.665411,0.334791,0.884334,0.341897,-0.541357,-0.635394,0.0263915,0.547044,0.425564,-0.0692669,68.5
15:39:28,-0.288014,0.0344065,0.415471,0.418818,0.15944,-0.245917,-0.77334,-0.972355,-0.331971,0.66064,0.880681,0.197404,-0.378034,-0.203625,0.325413,0.484965,0.056627,-0.396721,-0.297415,0.130294,68.599998
15:39:29,0.390326,0.254367,-0.27352,-0.762788,-0.699301,-0.13577,0.448324,0.623114,0.332921,-0.0867504,-0.273752,-0.0507899,0.404836,0.519014,0.06676,-0.468075,-0.648009,-0.519347,-0.271558,0.059871,68.099998
15:39:30,0.428223,0.582433,0.398048,0.150735,0.117074,0.215469,0.178597,-0.138976,-0.559612,-0.733773,-0.491506,0.0460288,0.453315,0.337236,-0.132943,-0.449527,-0.336325,0.0732817,0.371072,0.318627,68.7000005
15:39:31,0.157506,0.284973,0.72559,0.904085,0.178794,-1.06317,-1.62715,-1.06293,-0.066403,0.479198,0.381567,0.186078,0.371188,0.777616,0.874126,0.454789,-0.0845469,-0.415152,-0.580893,-0.555252,68.800003
15:39:32,-0.342375,-0.217864,-0.336756,-0.403993,-0.0642529,0.456602,0.579503,0.172261,-0.341943,-0.394593,0.130847,0.558378,0.355329,-0.00608248,0.0373439,0.202631,0.0712261,-0.142139,-0.0932322,0.109029,69.800003
15:39:33,0.143646,-0.0962576,-0.385456,-0.397859,-0.156651,0.0307978,0.112477,0.15696,0.00387795,-0.293563,-0.302364,0.10807,0.498832,0.492331,0.352688,0.493062,0.558836,-0.0924349,-1.17152,-1.70404,69.5
15:39:34,-1.19708,-0.0492946,0.82973,0.892385,0.535113,0.345684,0.24407,-0.0654792,-0.447397,-0.490451,-0.0853716,0.354407,0.513387,0.522137,0.462246,0.222693,-0.172369,-0.418974,-0.23992,0.0762782,69.099998
15:39:35,-0.0182458,-0.388684,-0.435645,-0.132965,0.0499609,-0.0544164,-0.229004,-0.277712,-0.213743,-0.134128,-0.0557088,0.0743706,0.294094,0.55607,0.745089,0.677072,0.256862,-0.188356,-0.310854,-0.311185,68.5
15:39:36,-0.441919,-0.460331,-0.0931659,0.362785,0.351421,-0.108083,-0.379016,-0.186032,0.0344227,-0.0360845,-0.17006,-0.0783876,0.216486,0.543084,0.671355,0.284762,-0.475764,-0.737137,-0.0471847,0.726769,67.0
15:39:37,0.569405,-0.23936,-0.71855,-0.611215,-0.321654,-0.0554926,0.121458,0.0698528,-0.101874,-0.0745454,0.259585,0.576814,0.474621,0.115295,-0.0372516,-0.0145692,-0.15924,-0.464077,-0.519114,-0.0442092,66.099998
15:39:38,0.547362,0.60595,0.180855,-0.253782,-0.460215,-0.341522,0.0579226,0.399535,0.361854,-0.0185337,-0.396247,-0.439924,-0.130079,0.244714,0.345811,0.179818,0.110349,0.191565,0.0394595,-0.405964,64.9000015
15:39:39,-0.732443,-0.656693,-0.192202,0.435352,0.754235,0.483338,-0.0262875,-0.228131,0.00739622,0.443255,0.679333,0.381557,-0.250058,-0.691591,-0.698439,-0.286946,0.288337,0.494006,0.0047613,-0.777805,63.900002
15:39:40,-1.02938,-0.49177,0.222906,0.469686,0.317873,0.288583,0.548413,0.729796,0.548714,0.159277,-0.180333,-0.345842,-0.248004,-0.00220639,0.00279021,-0.328494,-0.547642,-0.369433,-0.116324,-0.0742869,64.300003
15:39:41,-0.0487117,0.177527,0.543596,0.806476,0.620039,-0.134378,-0.978871,-1.1762,-0.522262,0.451965,1.01804,0.851867,0.329297,0.0854595,0.0603669,-0.346853,-0.993436,-0.939485,0.0351284,0.87612,65.099998
15:39:42,0.609492,-0.412714,-0.960145,-0.406,0.45383,0.463654,-0.185276,-0.372239,0.148656,0.664223,0.735072,0.502362,0.104648,-0.402654,-0.676468,-0.435013,0.112634,0.528505,0.384051,-0.351228,65.700005
15:39:43,-0.935709,-0.549959,0.608097,1.37032,0.926778,-0.249491,-1.1322,-1.17073,-0.48531,0.263791,0.440368,0.0379647,-0.448824,-0.426524,0.263861,1.02128,1.15345,0.667014,0.0115208,-0.496047,66.5
15:39:44,-0.659847,-0.38538,0.0473398,0.172733,-0.0847967,-0.465021,-0.831706,-0.938185,-0.343962,0.656486,1.08507,0.654385,-0.015465,-0.290452,-0.00795882,0.465727,0.556243,0.108229,-0.367049,-0.324952,67.200005
15:39:45,0.0438814,0.186627,0.0478839,-0.0478643,-0.0504764,-0.179882,-0.467228,-0.660064,-0.448539,0.178288,0.653964,0.387678,-0.26236,-0.34608,0.33488,1.02478,0.985832,0.16354,-0.860813,-1.25919,68.5
15:39:46,-0.635595,0.445761,0.943553,0.387661,-0.672011,-1.20495,-0.717626,0.278984,0.799975,0.475176,0.0142936,0.13938,0.533061,0.522105,0.0581288,-0.416294,-0.542314,-0.408377,-0.374357,-0.479587,69.9500005
15:39:47,-0.295191,0.367663,0.906856,0.690578,0.0504035,-0.168661,0.271418,0.70662,0.438755,-0.196027,-0.35873,-0.0429739,0.115881,-0.208531,-0.835156,-1.22874,-0.910485,-0.115327,0.338251,0.0407062,72.200005
15:39:48,-0.438081,-0.277158,0.487247,1.10967,1.00993,0.268134,-0.341034,-0.162579,0.498563,0.778668,0.288142,-0.473566,-0.809522,-0.575521,-0.0574657,0.329852,0.299153,0.0474269,-0.0785982,-0.197228,75.800003
15:39:49,-0.414064,-0.303565,0.262165,0.600227,0.239266,-0.286185,-0.206864,0.28528,0.271284,-0.42099,-0.876837,-0.490802,0.22782,0.514999,0.285306,-0.0551167,-0.197179,0.0220299,0.560237,0.900022,79.700005
15:39:50,0.617085,0.0212826,-0.405445,-0.635109,-0.836681,-0.954356,-0.766836,-0.339552,-0.0201101,0.202898,0.662662,1.19576,1.14039,0.427232,-0.1017,0.116122,0.599767,0.583771,0.0153667,-0.497918,80.5
15:39:51,-0.522617,-0.40891,-0.86706,-1.69245,-1.71216,-0.542378,0.725793,1.06532,0.678797,0.276141,0.113265,0.115328,0.322346,0.723325,0.945855,0.710382,0.224768,-0.28919,-0.695429,-0.648274,81.0
15:39:52,-0.217138,-0.0833114,-0.347105,-0.456621,-0.322065,-0.121331,0.213405,0.435626,0.0552042,-0.605406,-0.559542,0.387987,1.25344,1.12259,0.243428,-0.384428,-0.306721,0.0212398,0.0758938,-0.185584,80.099998
15:39:53,-0.562125,-0.892981,-0.988218,-0.638884,-0.0156027,0.343663,0.299334,0.279981,0.515711,0.83427,0.997631,0.831977,0.438155,-0.00915945,-0.575399,-1.04021,-0.839099,0.036847,0.847381,0.847025,76.6000025
15:39:54,-0.0278593,-0.970892,-0.974057,-0.081505,0.444708,-0.199956,-1.08932,-0.937178,-0.0339488,0.506414,0.507718,0.409184,0.200156,-0.129436,0.0290188,0.920924,1.585,1.08593,-0.00575197,-0.491796,74.5
15:39:55,-0.360096,-0.42618,-0.838431,-1.03195,-0.632634,0.00348601,0.17491,-0.113192,-0.142475,0.213973,0.271243,-0.174179,-0.38033,0.216081,1.0263,0.983654,0.00714663,-0.868818,-0.846143,-0.0614183,73.800003
15:39:56,0.825806,1.00764,0.206996,-0.751397,-0.782391,0.0827112,0.63254,0.0907082,-0.741985,-0.718627,-0.0109563,0.349429,0.110039,-0.0144908,0.323395,0.63664,0.452942,-0.0726508,-0.457135,-0.531027,72.900002
15:39:57,-0.429062,-0.143011,0.3427,0.638437,0.251574,-0.51647,-0.648449,0.0875689,0.666473,0.329925,-0.412394,-0.660053,-0.250388,0.298328,0.452805,0.107467,-0.315773,-0.192768,0.516308,0.889227,72.700005
15:39:58,0.225455,-0.687527,-0.60521,0.268897,0.529385,-0.331751,-1.09427,-0.604838,0.508415,0.78989,0.0131028,-0.645199,-0.309921,0.629748,1.21192,0.805493,-0.351899,-1.19057,-0.903689,0.0479931,73.400002
15:39:59,0.552178,0.327722,0.0471216,0.0929011,0.236224,0.23932,-0.0432259,-0.501504,-0.590889,-0.0763907,0.46706,0.382429,-0.306583,-0.914096,-0.710286,0.236197,0.977202,0.79645,0.0403808,-0.517909,73.700005
15:40:00,-0.545529,-0.156388,0.37735,0.79374,0.908965,0.641988,-0.0211389,-0.873077,-1.2596,-0.763427,-0.0393192,-0.00321591,-0.414237,-0.301787,0.445192,1.0104,0.866097,0.239489,-0.258899,-0.165624,73.400002
15:40:01,0.298887,0.377479,-0.21358,-0.848799,-0.848707,-0.292047,0.321564,0.655691,0.527706,6.90967e-05,-0.44882,-0.428888,-0.12833,0.0869678,0.135843,0.11209,0.155564,0.308764,0.379974,0.236907,73.900002
15:40:02,-0.00512308,-0.306137,-0.661791,-0.745388,-0.404022,-0.0212477,0.274348,0.718642,1.03445,0.61434,-0.336348,-0.789541,-0.293792,0.411031,0.523738,0.116198,-0.358584,-0.62777,-0.576495,-0.364851,74.4000015
15:40:03,-0.294315,-0.230434,0.182477,0.651393,0.576113,0.152046,0.049056,0.377061,0.609683,0.29449,-0.257793,-0.427662,-0.278747,-0.318184,-0.590171,-0.608959,-0.156575,0.335562,0.417189,0.193728,73.400002
15:40:04,-0.00610423,-0.101578,-0.0279629,0.33431,0.674571,0.450389,-0.234566,-0.606524,-0.290432,0.205093,0.319533,0.108152,-0.122134,-0.260698,-0.292897,-0.228063,-0.146153,-0.0311369,0.111351,0.104307,72.0
15:40:05,-0.0973457,-0.295434,-0.230274,0.20195,0.708563,0.743788,0.207471,-0.248992,-0.161349,0.0857044,0.0732426,-0.145024,-0.407462,-0.500556,-0.217394,0.232863,0.3287,0.0118492,-0.173702,0.0338585,69.300003
15:40:06,0.149017,-0.228457,-0.538083,-0.0830094,0.675821,0.738412,0.0186522,-0.577703,-0.315788,0.391108,0.50418,-0.111622,-0.565366,-0.370685,0.0549456,0.207507,0.152168,0.229025,0.329336,0.106607,67.599998
15:40:07,-0.285713,-0.382365,-0.153376,-0.000883423,-0.00883394,0.10044,0.264107,0.177252,-0.0394361,-0.022251,0.08658,-0.148667,-0.535835,-0.516616,-0.133225,0.155654,0.18738,0.125128,0.160768,0.333777,65.800003
15:40:08,0.493627,0.442188,0.129795,-0.195943,-0.246343,-0.167161,-0.172104,-0.117952,0.0321749,0.0674361,-0.1132,-0.367029,-0.443105,-0.329739,-0.189482,0.0680935,0.477494,0.618944,0.351961,0.130489,64.099998
15:40:09,0.102445,0.0293719,-0.10274,-0.221738,-0.250355,0.03449,0.457644,0.351443,-0.352409,-0.80601,-0.378736,0.469093,0.69193,-0.0263222,-0.810387,-0.73132,-0.0513608,0.339961,0.265105,0.152575,62.700001
15:40:10,0.222244,0.316593,0.324683,0.426183,0.487834,0.0406298,-0.696262,-0.918318,-0.461758,-0.0432776,-0.118892,-0.213645,0.15185,0.690739,0.843736,0.391739,-0.280672,-0.523534,-0.267834,0.0140743,62.5
15:40:11,0.0604645,0.0172846,0.0562507,0.0159606,-0.231704,-0.34722,-0.122456,0.0783463,0.0337074,0.122682,0.486815,0.527538,-0.0683618,-0.704128,-0.658631,0.0560333,0.632843,0.424741,-0.179393,-0.379992,62.200001
15:40:12,0.0185436,0.522697,0.454841,-0.241726,-0.655384,-0.120591,0.51132,0.140075,-0.663568,-0.589235,0.284918,0.655748,-0.00453416,-0.642652,-0.256205,0.617532,0.85959,0.277371,-0.42442,-0.589972,62.400002
15:40:13,-0.326529,-0.207964,-0.248237,0.111757,0.78245,0.798912,-0.247476,-1.31433,-1.07707,0.401744,1.72841,1.67975,0.445032,-0.688166,-0.929195,-0.645878,-0.376699,-0.202198,-0.137245,-0.308182,62.299999
15:40:14,-0.56558,-0.329129,0.583709,1.23903,0.728679,-0.354428,-0.767433,-0.40721,-0.0101891,0.173907,0.242431,0.127816,-0.022071,0.150979,0.515386,0.516925,0.034256,-0.440359,-0.437161,-0.0201131,61.799999
15:40:15,0.298336,0.176329,-0.184657,-0.428889,-0.389253,-0.138552,0.0290513,-0.0227469,-0.153374,-0.247658,-0.231693,-0.00128746,0.460483,0.895262,0.842193,0.210185,-0.379194,-0.291671,0.199904,0.272751,61.0
15:40:16,-0.272819,-0.788627,-0.672961,0.0108881,0.723472,0.900876,0.355885,-0.571439,-1.26351,-1.31265,-0.82533,-0.216226,0.218921,0.502884,0.821145,1.11361,1.09104,0.719321,0.260126,0.0213324,60.799999
15:40:17,0.115013,0.236459,-0.0191613,-0.597094,-0.956508,-0.720149,-0.287716,-0.354654,-0.781658,-0.687424,0.158917,0.876115,0.640275,-0.211965,-0.569241,0.0336276,0.868966,1.066,0.66537,0.25221,60.400002
15:40:18,0.0540161,-0.0248437,-0.0559819,-0.247393,-0.705837,-0.883891,-0.329951,0.222548,-0.0739579,-0.740918,-0.831122,-0.218043,0.478343,0.702611,0.598467,0.592683,0.666256,0.523129,-0.0257517,-0.844863,60.700001
15:40:19,-1.18464,-0.289853,1.16027,1.46064,0.311606,-0.813634,-0.864348,-0.236214,0.176598,0.0993759,-0.0992208,-0.174567,-0.243703,-0.387697,-0.383772,-0.0616415,0.249892,0.271136,0.204996,0.0730912,61.700001
15:40:20,-0.336939,-0.67823,-0.250235,0.826208,1.3928,0.70618,-0.396668,-0.609258,0.0262933,0.430513,0.176129,-0.219706,-0.456365,-0.674115,-0.718321,-0.350947,0.207023,0.579579,0.636716,0.489519,61.299999
15:40:21,0.349911,0.304493,0.203594,-0.0983788,-0.424703,-0.464947,-0.372125,-0.52741,-0.650149,-0.120007,0.823865,1.08173,0.12062,-1.0911,-1.178,-0.144262,0.715924,0.570382,-0.077325,-0.289802,61.5
15:40:22,0.169548,0.719356,0.64175,-0.113879,-0.694432,-0.329242,0.489274,0.719733,0.278483,-0.116975,-0.0265849,0.294083,0.290986,-0.243346,-0.979315,-1.31188,-0.913637,-0.109797,0.564627,0.801371,62.0
15:40:23,0.553849,0.147728,-0.0870609,-0.178352,-0.0470245,0.450669,0.877905,0.5873,-0.358472,-1.10069,-0.958663,-0.359799,-0.19455,-0.506679,-0.535962,0.169621,1.1248,1.43128,0.8094,-0.0356683,61.799999
15:40:24,-0.240705,0.158383,0.381395,0.0318469,-0.520869,-0.855132,-0.760473,-0.107022,0.674427,0.748032,0.0964699,-0.371878,-0.234572,-0.0161382,-0.0789237,-0.188247,-0.23093,-0.386826,-0.547631,-0.301571,62.5
15:40:25,0.356649,0.907947,0.948598,0.469802,-0.211182,-0.576234,-0.423573,-0.0572615,0.20927,0.170084,-0.197955,-0.518121,-0.565754,-0.442213,-0.126448,0.308181,0.625903,0.800508,0.848835,0.617211,62.5
15:40:26,0.207306,0.0604782,0.127445,-0.166582,-0.78536,-1.03947,-0.721862,-0.296888,-0.0953324,-0.0408092,-0.00365114,0.143411,0.531745,0.898152,0.660825,-0.139606,-0.586909,-0.207985,0.252632,0.00248557,63.700001
15:40:27,-0.674849,-0.891909,-0.347171,0.337045,0.509616,0.260624,0.0582632,0.0999369,0.302105,0.473407,0.368496,0.022982,-0.104187,0.154175,0.18553,-0.412096,-0.91214,-0.522634,0.308712,0.577195,63.700001
15:40:28,0.152999,-0.204551,-0.0665274,0.153611,-0.0199986,-0.49872,-0.796871,-0.452642,0.488202,1.17569,0.690525,-0.551459,-1.07239,-0.360831,0.655241,1.16992,1.1536,0.73685,0.013986,-0.811231,62.900002
15:40:29,-1.43384,-1.38062,-0.451148,0.509589,0.414825,-0.427829,-0.786888,-0.320167,0.330497,0.794753,1.03904,0.804554,0.125915,-0.368651,-0.233578,0.306331,0.707411,0.623729,0.0301354,-0.652427,62.500002
15:40:30,-0.723256,-0.302676,-0.264956,-0.569565,-0.318198,0.485361,0.738587,-0.0910817,-1.06494,-1.0176,-0.126802,0.512479,0.465177,0.207959,0.0718428,-0.0502099,-0.103484,0.0450416,0.285431,0.623438,64.5
15:40:31,1.1131,1.25833,0.499184,-0.67995,-1.16242,-0.793347,-0.488802,-0.657132,-0.788711,-0.533254,0.0251104,0.783563,1.44955,1.44276,0.559595,-0.531447,-0.889886,-0.440839,-0.0930447,-0.419119,65.599998
15:40:32,-0.818516,-0.531683,0.231701,0.676293,0.414052,-0.159774,-0.349331,0.0723965,0.666272,0.833335,0.392935,-0.264885,-0.553154,-0.335087,-0.0369863,-0.0297767,-0.221621,-0.217676,0.192719,0.477567,66.200005
15:40:33,-0.0431757,-0.836271,-0.763009,0.137533,0.810894,0.690888,0.205517,0.029085,0.343775,0.703731,0.481505,-0.285712,-0.902423,-0.940466,-0.452852,0.244855,0.502317,-0.0256945,-0.687223,-0.691952,66.800003
15:40:34,-0.206005,0.0469297,-0.152461,-0.287073,0.108453,0.70251,0.79648,0.364982,0.00864064,0.0719515,0.403901,0.637262,0.511878,0.198153,0.0462691,-0.0953362,-0.651896,-1.27456,-1.04373,0.0733955,67.599998
15:40:35,1.00389,0.937881,0.222687,-0.259629,-0.229111,-0.190914,-0.665675,-1.49837,-1.88938,-1.14766,0.432761,1.54845,1.32886,0.587466,0.537351,0.938812,0.835454,0.253235,-0.0373672,0.163581,69.4000015
15:40:36,0.475706,0.611779,0.253942,-0.737152,-1.68038,-1.6577,-0.665468,0.49345,1.19666,1.29388,0.702621,-0.499736,-1.62244,-1.85258,-1.17207,-0.157445,0.660378,0.838401,0.23809,-0.441838,71.599998
15:40:37,-0.212868,0.75544,1.26617,0.898997,0.308898,-0.008003,0.0672125,0.409714,0.404191,-0.317722,-0.953626,-0.568906,0.249102,0.215732,-0.655782,-1.18368,-0.683348,0.299181,0.819779,0.629729,70.900002
15:40:38,0.205193,0.0257807,0.172511,0.369818,0.156035,-0.5535,-1.07977,-0.721975,0.317979,1.06049,0.784854,-0.10197,-0.570692,-0.290104,0.209626,0.559404,0.653206,0.185666,-0.634637,-0.998347,69.700005
15:40:39,-0.718775,-0.230455,0.230128,0.563428,0.586231,0.299427,-0.0599219,-0.255566,0.0148441,0.746097,1.03421,0.101109,-1.20497,-1.35973,-0.494449,0.000948906,-0.120234,-0.0346983,0.449998,0.729123,68.300003
15:40:40,0.321794,-0.387764,-0.443132,0.350824,0.965904,0.564355,-0.362239,-0.863834,-0.703221,-0.23541,0.188966,0.427153,0.441338,0.219718,-0.0723951,-0.121113,0.0507745,0.102766,-0.0197467,-0.126329,67.200005
15:40:41,-0.169936,-0.206908,-0.322939,-0.500549,-0.408726,0.135816,0.651402,0.613495,0.199269,-0.0265885,0.220062,0.632394,0.56756,-0.116746,-0.764178,-0.801379,-0.471935,-0.329662,-0.266644,0.217804,66.599998
15:40:42,0.82479,0.669281,-0.234772,-0.759458,-0.203126,0.670714,0.661399,-0.234067,-0.910666,-0.617443,0.288345,0.925899,0.824106,0.155309,-0.55674,-0.759057,-0.438442,-0.0945211,0.107458,0.222476,68.4000015
15:40:43,0.0821455,-0.17691,-0.186505,0.0431741,0.371407,0.656298,0.560119,-0.0207993,-0.565179,-0.421344,0.277902,0.649721,0.292191,-0.190292,-0.304579,-0.387317,-0.604819,-0.472824,-0.0538155,-0.111667,71.099998
15:40:44,-0.581832,-0.497408,0.367861,1.08272,0.952547,0.425729,0.165,0.080299,-0.141562,-0.370659,-0.374823,-0.326846,-0.480686,-0.455824,0.358018,1.40701,1.25393,-0.225517,-1.40944,-1.06833,70.800003
15:40:45,0.1662,0.709179,0.109635,-0.457027,-0.22627,0.0676269,-0.247395,-0.691637,-0.42626,0.631208,1.60671,1.50746,0.18848,-1.30027,-1.56576,-0.512957,0.583071,0.812284,0.358444,-0.296324,69.0
15:40:46,-0.700366,-0.479446,0.107156,0.387622,0.240017,0.160091,0.478964,0.867358,0.622413,-0.392616,-1.25566,-1.08523,-0.252438,0.264507,0.208847,0.152421,0.507833,0.826233,0.328428,-0.871169,70.400002
15:40:47,-1.48068,-0.569991,0.990485,1.56102,0.689693,-0.731864,-1.56204,-1.14294,0.299485,1.56073,1.47183,0.254255,-0.77778,-0.805104,-0.228405,0.095352,-0.103883,-0.428767,-0.474399,-0.261898,69.900002
15:40:48,-0.0752621,0.0846146,0.43151,0.770338,0.72919,0.394255,0.139362,0.0565994,-0.0656183,-0.285438,-0.416787,-0.279333,0.0340381,0.0768514,-0.276461,-0.478211,-0.207617,0.242785,0.513347,0.32355,69.1500015
15:40:49,-0.394879,-1.14158,-1.16164,-0.182225,1.24762,2.03612,1.43753,-0.00994313,-0.891081,-0.644745,-0.10174,-0.124268,-0.611403,-0.892663,-0.613646,-0.0190718,0.473167,0.643419,0.498039,0.0944061,69.0
15:40:50,-0.422504,-0.657568,-0.291877,0.451811,0.990113,1.07148,0.854637,0.415551,-0.197351,-0.67772,-0.758287,-0.759798,-1.12396,-1.31019,-0.420836,1.08414,1.78395,1.23414,0.222311,-0.493921,69.5
15:40:51,-0.756121,-0.675454,-0.410156,-0.140225,0.20193,0.766647,1.12064,0.673105,-0.239595,-0.834423,-1.11328,-1.30911,-0.987731,-0.143258,0.330071,0.282351,0.538485,1.21582,1.52384,1.06451,70.300003
15:40:52,0.252502,-0.277232,-0.345838,-0.272902,-0.221033,-0.264776,-0.661862,-1.09665,-0.726683,0.554093,1.67077,1.37868,-0.337044,-2.07255,-2.35374,-0.976687,0.901629,1.72573,1.01058,-0.107169,72.400002
15:40:53,-0.320028,0.412371,1.20741,1.17475,0.00898468,-1.46974,-1.85885,-0.923704,0.17281,0.559763,0.472157,0.454938,0.537256,0.426878,0.1641,0.0457898,0.0395285,-0.16714,-0.584486,-0.748709,72.800003
15:40:54,-0.261371,0.438044,0.360703,-0.446077,-0.717179,-0.0602652,0.437229,0.145449,-0.3144,-0.278902,0.179848,0.608173,0.810433,0.884198,0.710204,0.100603,-0.613943,-0.886059,-0.667683,-0.296409,71.700005
15:40:55,0.0469752,0.242569,0.0552679,-0.328539,-0.326404,0.0846874,0.297079,0.0578627,-0.146784,0.0819573,0.366118,0.214328,-0.172987,-0.287691,-0.102916,-0.0112026,-0.029641,0.181281,0.396053,-0.000553511,69.900002
15:40:56,-0.796862,-1.00296,-0.257618,0.713672,1.09076,0.777916,0.22803,-0.207825,-0.421987,-0.282534,0.142569,0.422914,0.279485,-0.0370494,-0.0845268,0.0815219,-0.112854,-0.739838,-1.02195,-0.555485,68.300003
15:40:57,0.0463174,0.192035,0.104903,0.149211,0.236124,0.308942,0.433346,0.39146,0.108253,-0.0906459,-0.147714,-0.260384,-0.279794,-0.00664428,0.329991,0.444629,0.400777,0.294256,-0.0280359,-0.517124,67.900002
15:40:58,-0.599327,-0.00870427,0.453669,0.05275,-0.620242,-0.632458,-0.111709,0.165458,0.0256974,0.0939807,0.610767,0.789551,0.00443804,-1.0802,-1.22295,-0.215537,0.821351,0.964338,0.435894,-0.15509,66.299999
15:40:59,-0.467337,-0.350414,0.0811299,0.372223,0.173266,-0.271141,-0.350579,0.154821,0.786368,0.985746,0.604761,-0.19483,-0.98549,-1.20577,-0.841054,-0.462319,-0.25192,0.141278,0.736919,1.07442,67.0
15:41:00,0.850177,0.282075,-0.157842,-0.293658,-0.3547,-0.52678,-0.5755,-0.169325,0.380956,0.448081,0.0988639,-0.193739,-0.292633,-0.239219,-0.0840907,0.0827306,0.276544,0.470532,0.38532,-0.119147,68.300003
15:41:01,-0.626924,-0.567064,0.0712816,0.734072,0.873955,0.409773,-0.187558,-0.390383,-0.231086,-0.150121,-0.318496,-0.414778,-0.142021,0.295873,0.397932,-0.0353128,-0.585495,-0.59679,0.10302,0.795189,67.700005
15:41:02,0.631209,-0.00174311,-0.0473405,0.43512,0.456903,-0.323466,-1.1614,-1.243,-0.608036,0.156548,0.603276,0.634778,0.512127,0.51521,0.492346,0.125074,-0.372733,-0.426665,-0.0578112,0.174682,66.900002
15:41:03,0.0993049,0.133121,0.529499,0.734807,0.110008,-1.04967,-1.82465,-1.53757,-0.42453,0.454495,0.560442,0.509122,0.816193,1.08943,0.776099,-0.0253192,-0.609107,-0.452086,0.229162,0.74255,65.099998
15:41:04,0.478497,-0.391629,-0.879497,-0.51732,0.0376939,0.190697,0.00155719,-0.369367,-0.73019,-0.684367,-0.0279064,0.846692,1.19714,0.694941,-0.146263,-0.629894,-0.681719,-0.542783,-0.250505,0.202806,63.900002
15:41:05,0.721667,1.04514,0.753837,-0.0838132,-0.679399,-0.554724,-0.14971,-0.0778193,-0.347226,-0.512897,-0.335548,0.0401661,0.554953,1.17948,1.3457,0.500619,-0.798607,-1.41221,-1.02218,-0.304472,62.200001
15:41:06,-0.0787359,-0.363102,-0.299541,0.418367,0.945253,0.800929,0.537383,0.544085,0.492137,-0.0317098,-0.892462,-1.32126,-0.761887,0.335823,0.995705,0.692193,-0.115162,-0.497898,-0.244655,0.07914,60.5
15:41:07,0.031776,-0.334297,-0.617513,-0.453786,0.0414502,0.412918,0.400628,0.183554,0.197763,0.530889,0.605514,-0.015368,-0.826811,-1.04287,-0.518042,0.525365,1.62217,1.84366,0.811548,-0.606915,59.900002
15:41:08,-1.42479,-1.43071,-0.923571,-0.405453,-0.303318,-0.624352,-0.952937,-0.765169,-0.0949754,0.363913,0.411271,0.78496,1.9037,2.79611,2.10455,0.18492,-1.08459,-0.743678,0.304851,0.662905,59.0
15:41:09,-0.076522,-1.10081,-1.46999,-1.09464,-0.38325,0.270483,0.434415,-0.164381,-1.2209,-1.87912,-1.48455,-0.406948,0.342235,0.407882,0.408578,0.959236,1.99374,2.77009,2.37868,0.927184,58.100002
15:41:10,-0.361052,-0.764656,-0.676619,-0.636791,-0.841319,-1.2842,-1.69111,-1.66378,-1.13205,-0.332493,0.450174,0.890056,0.863224,0.677871,0.694775,0.966134,1.2595,1.20314,0.575597,-0.404191,58.5
15:41:11,-1.04908,-0.800109,-0.101647,-0.0771674,-1.06657,-2.03207,-1.76435,-0.339067,1.10525,1.67323,1.33646,0.563589,-0.137331,-0.291723,0.184375,0.726833,0.815887,0.475995,0.0498583,-0.145193,59.299999
15:41:12,-0.236442,-0.554071,-0.829938,-0.544824,-0.000783749,-0.0104725,-0.594604,-0.895367,-0.47535,0.0239502,-0.0330123,-0.281962,-0.104901,0.47159,0.927595,0.791649,0.271312,0.141464,0.592747,0.937912,58.299999
15:41:13,0.609311,-0.258573,-0.94903,-0.728091,0.165387,0.588032,0.0445179,-0.686961,-0.761364,-0.255679,0.0942766,-0.225665,-0.835659,-0.848337,-0.0187699,0.887825,1.07524,0.62066,0.135848,-0.0384385,57.799999
15:41:14,0.0587282,0.28822,0.402023,0.174839,-0.308072,-0.697759,-0.644414,-0.178056,0.278203,0.481988,0.440077,0.0727419,-0.441487,-0.549522,-0.171494,0.0904083,-0.0801125,-0.366748,-0.434323,-0.184389,58.799999
15:41:15,0.251647,0.440717,0.144351,-0.118157,0.281824,0.940921,0.841514,0.0255171,-0.47766,-0.545124,-0.891867,-1.30131,-0.815116,0.735951,2.34438,2.56989,0.989645,-0.885772,-1.4111,-1.01009,59.600002
15:41:16,-0.903226,-0.977027,-0.558626,0.099511,0.469339,0.702491,0.840934,0.49086,-0.0349166,-0.059935,0.0984722,-0.28323,-1.05864,-1.31975,-0.546567,0.524599,0.820106,0.455402,0.24948,0.38691,60.299999
15:41:17,0.559322,0.529937,-0.0407061,-1.13747,-1.61647,-0.547049,0.976623,1.2166,0.288081,-0.367796,-0.164689,0.288917,0.379172,0.165607,0.0860729,0.274491,0.375017,0.130188,-0.182115,-0.149043,61.299999
15:41:18,0.113223,0.0428609,-0.527427,-1.01295,-0.864992,-0.343134,0.01963,0.162368,0.109764,-0.156455,-0.278636,-0.0121154,0.344267,0.467395,0.380744,0.255408,0.174182,0.176048,0.221291,0.164752,62.799999
15:41:19,0.100882,0.229884,0.295455,-0.0233151,-0.417561,-0.376689,0.0161702,0.218194,0.00896868,-0.350834,-0.573069,-0.511427,-0.246438,-0.0517524,0.0346765,0.207004,0.386448,0.308586,0.055909,-0.0174893,63.5
15:41:20,0.130355,0.230342,0.320612,0.517399,0.399932,-0.257206,-0.840059,-0.845107,-0.521884,-0.225596,0.000963032,0.183424,0.240628,0.0755651,-0.158649,-0.0525201,0.498208,0.978856,0.923242,0.482093,62.700001
15:41:21,-0.0745468,-0.699206,-1.16352,-1.02995,-0.269561,0.443509,0.566169,0.382828,0.221797,-0.0638534,-0.417116,-0.432085,0.0181347,0.483841,0.373205,-0.210003,-0.513351,-0.135991,0.506415,0.630026,61.900002
15:41:22,0.0251147,-0.535434,-0.359325,0.172679,0.33834,0.0866689,-0.212013,-0.265682,0.000204943,0.17703,-0.150603,-0.518782,-0.31106,0.159562,0.346425,0.335762,0.392284,0.390163,0.102904,-0.320601,60.5
15:41:23,-0.522318,-0.313411,0.189536,0.524237,0.333009,-0.124276,-0.389277,-0.380854,-0.251654,-0.0942535,0.024228,0.00732267,-0.124189,-0.127861,0.23666,0.736746,0.780578,0.241295,-0.397264,-0.682385,60.100002
15:41:24,-0.47467,0.0556802,0.417642,0.251807,-0.0832292,-0.0802939,0.005808,-0.20049,-0.435259,-0.39494,-0.134118,0.206577,0.426717,0.330355,0.0180923,-0.190154,-0.0644059,0.343219,0.567452,0.240763,59.299999
15:41:25,-0.221399,-0.246956,0.00150013,0.0615583,-0.10357,-0.248088,-0.294625,-0.290423,-0.166599,0.0352712,0.0459945,-0.160252,-0.318296,-0.262589,0.057512,0.493988,0.666807,0.432442,0.0359496,-0.214253,59.100002
15:41:26,-0.13859,0.214492,0.535599,0.474955,-0.0211164,-0.555091,-0.603266,-0.157447,0.219826,0.119493,-0.276418,-0.543378,-0.495173,-0.236461,0.0674439,0.25337,0.185422,0.0125431,0.0977259,0.494746,58.900002
15:41:27,0.796215,0.640403,0.233016,0.0702141,0.116537,-0.212343,-1.03098,-1.46898,-0.75115,0.439499,0.650892,-0.274293,-0.954751,-0.402977,0.772545,1.36756,1.08902,0.528193,0.18196,0.0602021,59.100002
15:41:28,-0.0969453,-0.440561,-0.795097,-0.81229,-0.453589,-0.114853,0.0804651,0.300534,0.212215,-0.437589,-0.829791,-0.176902,0.829121,1.05408,0.628389,0.390914,0.497566,0.550108,0.271831,-0.372871,59.400002
15:41:29,-1.10525,-1.37276,-0.797378,0.250141,0.786616,0.384829,-0.256409,-0.392574,-0.199491,-0.0911878,0.0128342,0.126921,0.000999063,-0.25362,-0.255495,0.0832132,0.542736,0.783958,0.48147,-0.237805,59.700001
15:41:30,-0.65924,-0.291654,0.49183,0.957479,0.766699,0.0999014,-0.557411,-0.76786,-0.548795,-0.195814,0.205994,0.486986,0.186996,-0.521065,-0.702411,-0.136389,0.25565,-0.0552865,-0.425654,-0.203655,60.900002
15:41:31,0.319717,0.439615,0.0125085,-0.437874,-0.388283,0.198252,0.667019,0.283301,-0.513411,-0.532897,0.373676,1.15737,1.08136,0.385705,-0.297514,-0.496376,-0.219267,0.0499656,-0.0197337,-0.200557,61.799999
15:41:32,-0.255478,-0.358787,-0.549929,-0.53526,-0.332797,-0.245667,-0.238047,-0.0418437,0.442823,0.949409,0.912582,0.254352,-0.287199,-0.235092,0.0491997,0.235266,0.357966,0.342294,0.0837647,-0.342715,63.200001
15:41:33,-0.749691,-0.932423,-0.761441,-0.221269,0.433516,0.720797,0.458238,0.0665518,0.0299303,0.178604,0.0876951,-0.0516768,0.10722,0.321367,0.247914,-0.0840257,-0.467821,-0.642225,-0.329451,0.331732,65.5
15:41:34,0.51818,-0.197848,-0.918818,-0.622422,0.42196,1.06952,0.693533,-0.0927495,-0.329939,0.024446,0.280981,0.0904795,-0.1978,-0.268016,-0.219883,-0.0821275,0.100153,0.00706506,-0.361941,-0.527803,65.5
15:41:35,-0.252628,0.198224,0.447789,0.295025,-0.0721413,-0.0902448,0.429562,0.87276,0.570229,-0.325831,-0.867249,-0.449749,0.289993,0.38407,-0.117943,-0.415066,-0.271694,-0.168427,-0.127534,0.211888,64.950005
15:41:36,0.486257,0.134454,-0.371742,-0.11282,0.741388,1.06173,0.327432,-0.749497,-1.16126,-0.787413,-0.340853,-0.279429,-0.397286,-0.360297,-0.086787,0.250442,0.416932,0.458951,0.64017,0.903658,66.0
15:41:37,0.867664,0.443011,-0.0234729,-0.19518,-0.160868,-0.320887,-0.628723,-0.531539,0.0127485,0.387234,0.288615,0.116825,0.257358,0.338721,-0.192945,-0.945149,-1.00679,-0.321672,0.253454,0.16223,67.400002
15:41:38,-0.167223,-0.0961569,0.254133,0.375931,0.205532,0.0160362,-0.0693545,-0.0691737,0.0415508,0.301838,0.561678,0.46845,0.0480183,-0.145543,0.0321752,0.0699585,-0.28911,-0.761579,-0.898093,-0.376923,70.400002
15:41:39,0.468364,0.703674,0.00386688,-0.765576,-0.697387,0.0227812,0.577929,0.489526,0.0123095,-0.17119,0.158038,0.666829,1.08044,1.05783,0.354914,-0.524731,-0.869596,-0.646422,-0.286438,-0.143148,71.500004
15:41:40,-0.327532,-0.661,-0.703155,-0.217393,0.3692,0.443707,0.0359989,-0.16831,0.35456,1.1874,1.29389,0.319759,-0.843695,-1.20002,-0.85483,-0.494351,-0.359394,-0.241919,0.176532,0.952403,70.400002
15:41:41,1.5896,1.46184,0.421626,-0.960216,-1.63653,-1.05624,0.146529,0.78432,0.314245,-0.548113,-0.667157,-0.0319953,0.434642,0.302165,-0.134063,-0.369535,-0.0554378,0.597297,0.880199,0.31316,70.700005
15:41:42,-0.653831,-0.93473,-0.0979755,0.940814,0.893392,-0.182495,-0.835787,-0.328758,0.413629,0.431893,-0.0574526,-0.504347,-0.808284,-0.833678,-0.267589,0.657848,1.13499,0.841206,0.33689,0.0884538,72.200005
15:41:43,-0.0917336,-0.521122,-1.15469,-1.49989,-0.971424,0.342956,1.42492,1.39712,0.601147,0.0599806,0.237598,0.562401,0.294615,-0.270939,-0.409659,-0.3187,-0.552936,-0.831196,-0.594947,-0.106458,72.599998
15:41:44,0.0237266,-0.124372,-0.165309,-0.145572,-0.118965,0.152914,0.673067,1.06041,0.995383,0.513574,-0.0128698,-0.267461,-0.389967,-0.532219,-0.437025,-0.0165717,0.273657,-0.00914264,-0.642272,-0.883707,74.1500015
15:41:45,-0.411255,0.287437,0.700273,0.78214,0.559924,0.0754012,-0.393788,-0.591286,-0.467753,-0.156203,0.103872,0.261837,0.392226,0.41738,0.277586,0.0325518,-0.260567,-0.510217,-0.593106,-0.396332,75.700005
15:41:46,0.083432,0.573754,0.840003,0.954303,0.822619,0.147994,-0.845593,-1.43989,-1.27784,-0.680078,-0.136399,0.196626,0.39495,0.415377,0.264991,0.211784,0.322308,0.356271,0.311021,0.343586,75.300003
15:41:47,0.337058,0.1186,-0.120397,0.00824684,0.346114,0.135981,-0.738399,-1.36854,-1.10987,-0.2713,0.470732,0.685843,0.46579,0.241519,0.13593,-0.0913302,-0.316858,-0.0950641,0.387041,0.423276,74.5
15:41:48,-0.0459245,-0.391202,-0.303891,-0.0400874,0.174011,0.309603,0.267227,0.00356218,-0.279088,-0.355173,-0.207596,0.0205831,0.201796,0.303919,0.306931,0.128154,-0.225552,-0.475745,-0.330713,0.0532865,73.200005
15:41:49,0.26895,0.220989,0.0881757,0.00241337,0.0425991,0.204952,0.164142,-0.387445,-0.90664,-0.486244,0.572281,1.05134,0.68917,0.222471,-0.0489643,-0.430384,-0.977932,-1.19271,-0.647529,0.180345,71.300003
15:41:50,0.413178,0.163246,0.217256,0.577702,0.634818,0.341425,0.171211,0.260188,0.294244,0.079528,-0.2631,-0.522866,-0.454922,-0.0103206,0.362851,0.22735,-0.195812,-0.340075,-0.134514,-0.0447197,68.099998
15:41:51,-0.195715,-0.272922,-0.240195,-0.228648,-0.0888421,0.156615,0.0493349,-0.390659,-0.406696,0.310052,1.15049,1.34502,0.734929,-0.0410276,-0.356455,-0.396626,-0.514275,-0.48623,-0.102708,0.324426,66.099998
15:41:52,0.290539,-0.367339,-0.983695,-0.721144,0.0718722,0.38055,0.0698699,-0.24927,-0.141149,0.454801,1.1273,1.12,0.27424,-0.533539,-0.515391,0.0281515,0.259943,-0.141173,-0.624158,-0.440196,64.599998
15:41:53,0.266713,0.563274,0.021684,-0.696494,-0.718962,-0.0891705,0.367842,0.202029,-0.221685,-0.388403,-0.175631,0.212776,0.406298,0.169248,-0.0967913,0.210707,0.888529,1.10854,0.453638,-0.495243,63.400002
15:41:54,-0.716431,-0.0749103,0.428351,-0.0260263,-1.08955,-1.57185,-0.776931,0.427613,0.761382,0.280699,-0.159579,-0.222971,-0.0352295,0.364964,0.927331,1.24992,0.810079,-0.338149,-1.29929,-1.08872,62.200001
15:41:55,0.115165,0.94655,0.545826,-0.445456,-0.898016,-0.558605,-0.123749,-0.117939,-0.261098,-0.123116,0.210689,0.420201,0.510062,0.574347,0.400643,0.00252905,-0.0972868,0.267207,0.501714,0.12724,60.600002
15:41:56,-0.571321,-0.974546,-0.757156,-0.136054,0.309363,0.335276,0.256645,0.205193,-0.0517567,-0.471012,-0.607356,-0.197206,0.407856,0.639771,0.351485,-0.103888,-0.234296,0.0416929,0.321287,0.291992,59.200001
15:41:57,0.067935,-0.0194706,0.120049,0.185484,-0.0306958,-0.315405,-0.43663,-0.519443,-0.685047,-0.677746,-0.2165,0.532022,0.998221,0.730765,-0.0357954,-0.424316,0.0675645,0.713834,0.510949,-0.266879,58.5
15:41:58,-0.52169,-0.0387746,0.345957,0.102823,-0.332887,-0.336634,0.0229255,0.136772,-0.362707,-1.0714,-1.06995,-0.00163162,1.24313,1.40906,0.326615,-0.795823,-0.570049,0.891356,1.80644,0.866465,59.0
15:41:59,-0.992566,-1.83259,-1.10759,-0.00290382,0.173272,-0.436439,-0.498332,0.416127,1.05165,0.515877,-0.308978,-0.290722,0.316128,0.551099,0.197027,-0.0987142,0.0266732,0.205098,0.170729,-0.0212665,59.5
15:42:00,-0.292321,-0.353831,-0.0464509,0.180688,-0.0569107,-0.50994,-0.870642,-1.05011,-0.774556,0.169963,1.33199,1.83747,1.32414,0.32843,-0.424238,-0.661474,-0.494426,-0.286537,-0.339332,-0.438528,59.700001
15:42:01,-0.175355,0.33014,0.526347,0.210989,-0.190133,-0.282523,-0.24435,-0.328522,-0.374331,-0.210519,0.0907921,0.385299,0.44859,0.242692,0.0906591,0.068298,0.000613116,0.0746935,0.414544,0.565582,59.600002
15:42:02,0.156287,-0.380612,-0.345427,0.0440513,-0.0608173,-0.640016,-0.81115,-0.252176,0.370338,0.418705,0.0792613,-0.142473,-0.137101,-0.058965,0.00558451,0.0349391,0.0382555,0.0930341,0.266418,0.488648,59.0
15:42:03,0.577034,0.404112,0.0672009,-0.233819,-0.448068,-0.504334,-0.218834,0.208737,0.191921,-0.360126,-0.810474,-0.638043,-0.0310979,0.319674,0.0323804,-0.304795,0.0869626,0.898213,1.16727,0.663661,59.0
15:42:04,0.00543475,-0.28676,-0.213074,0.0162373,0.185998,0.106276,-0.221231,-0.595855,-0.805814,-0.71778,-0.399235,-0.10267,0.0826536,0.280573,0.500431,0.587373,0.403012,0.0306412,-0.117496,0.155311,59.0
15:42:05,0.36212,0.0940244,-0.31649,-0.322897,0.157702,0.589607,0.32279,-0.579054,-1.22049,-0.820673,0.269641,0.89335,0.496143,-0.267918,-0.496079,-0.0538259,0.547278,0.673943,0.105072,-0.51819,59.5
15:42:06,-0.402113,0.162192,0.297655,-0.0199058,-0.154136,0.0109841,0.022618,-0.206733,-0.2931,-0.163648,-0.0547225,-0.0385427,-0.033226,0.082801,0.302443,0.444662,0.405058,0.204175,-0.0965527,-0.348878,59.5
15:42:07,-0.347493,-0.0111624,0.400039,0.358542,-0.232345,-0.639124,-0.307807,0.243878,0.284368,-0.100402,-0.331044,-0.179304,-0.0259297,-0.216795,-0.26899,0.492184,1.4553,1.22694,-0.312257,-1.71167,59.100002
15:42:08,-1.7055,-0.550463,0.512834,0.787542,0.614961,0.448611,0.241244,-0.0331346,-0.100575,0.115171,0.364307,0.378253,0.0333499,-0.432785,-0.580574,-0.448746,-0.364565,-0.196055,0.209858,0.371978,58.700001
15:42:09,-0.00914115,-0.337646,-0.107104,0.31976,0.419538,0.194821,0.0571748,0.294914,0.506073,0.0256822,-0.784238,-0.834898,-0.162585,0.127102,-0.242744,-0.469677,-0.0619208,0.603263,0.819439,0.36718,58.799999
15:42:10,-0.152756,-0.216343,-0.0908437,-0.012547,0.226298,0.503404,0.400246,-0.0283531,-0.348254,-0.40113,-0.369971,-0.374296,-0.346158,-0.234736,-0.102073,0.0732134,0.355541,0.465296,0.127039,-0.203934,59.799999
15:42:11,0.0352223,0.433112,0.268261,-0.185962,-0.205613,0.0869152,0.083004,-0.227823,-0.366972,-0.143036,0.224674,0.439525,0.309428,-0.000164255,-0.035111,0.16901,-0.0577164,-0.8989,-1.44835,-0.846545,60.799999
15:42:12,0.457574,1.28046,1.23106,0.988669,1.01227,0.70001,-0.501877,-1.84972,-1.98801,-0.667766,0.745299,0.923574,0.184726,-0.289833,-0.103629,0.215156,0.204327,-0.0096758,-0.0833543,0.040631,62.0
15:42:13,0.145746,0.0604788,-0.159115,-0.26097,-0.0757026,0.207649,0.278703,0.14209,0.0432512,0.0403391,-0.0642,-0.313967,-0.451712,-0.285737,0.0869365,0.420724,0.525962,0.395104,0.172704,-0.0166165,62.200001
15:42:14,-0.14948,-0.19298,-0.0728714,0.109476,0.0090142,-0.504076,-0.97804,-0.867183,-0.23081,0.393455,0.658952,0.662328,0.629161,0.630861,0.539761,0.137391,-0.476456,-0.694714,-0.0638293,0.928708,61.700001
15:42:15,1.16652,0.22364,-1.07344,-1.67976,-1.40927,-0.74816,-0.119101,0.271954,0.272766,-0.0078792,-0.123102,0.154593,0.489602,0.536538,0.474667,0.675482,1.11215,1.28242,0.76308,-0.194484,62.400002
15:42:16,-0.890682,-0.962133,-0.714916,-0.683506,-0.954731,-1.07141,-0.65104,0.101529,0.655045,0.773597,0.666085,0.575512,0.456881,0.165618,-0.213506,-0.42933,-0.370359,-0.161378,0.00648773,0.0764643,62.900002
15:42:17,0.135482,0.253662,0.383355,0.404328,0.243654,-0.0308152,-0.26169,-0.339908,-0.259706,-0.10977,-0.0350302,-0.114761,-0.270486,-0.338812,-0.223651,0.0168186,0.218626,0.263603,0.179556,0.0926898,62.600002
15:42:18,0.110344,0.25463,0.446457,0.474508,0.109692,-0.547244,-1.02261,-0.98167,-0.506881,0.0573161,0.256384,-0.021211,-0.330401,-0.309829,0.0320224,0.679546,1.53596,2.05811,1.68225,0.61462,62.600002
15:42:19,-0.395254,-0.889178,-1.01492,-1.1994,-1.55717,-1.56233,-0.479669,1.38742,2.31319,1.17251,-0.801804,-1.62237,-1.09726,-0.611612,-1.00404,-1.45675,-0.645689,1.22703,2.4553,1.98101,62.900002
15:42:20,0.564576,-0.334621,-0.177768,0.409336,0.567572,0.101337,-0.41025,-0.407659,-0.0790474,0.0392897,-0.150599,-0.337775,-0.327588,-0.20585,-0.0774867,0.0763699,0.259419,0.34628,0.146902,-0.269002,64.700001
15:42:21,-0.456687,-0.195239,0.126902,0.0950612,-0.216506,-0.515356,-0.623977,-0.489203,-0.119673,0.379771,0.680313,0.482011,0.074311,0.0754868,0.508315,0.774597,0.484601,-0.124907,-0.489341,-0.37167,66.300003
15:42:22,-0.119101,-0.0714719,-0.117084,-0.094417,-0.060766,-0.0172173,0.0847738,0.181805,0.107164,-0.332348,-0.799617,-0.56327,0.12946,0.191376,-0.45218,-0.57421,0.492687,1.80316,2.03681,0.895163,67.599998
15:42:23,-0.783247,-1.61747,-0.975191,0.155426,0.400962,-0.310752,-0.929352,-0.779426,-0.339616,-0.142766,0.219934,0.964551,1.28978,0.766901,0.0735669,-0.301563,-0.541076,-0.593456,-0.194152,0.478065,69.800003
15:42:24,0.967547,0.945323,0.359405,-0.388888,-0.745846,-0.716665,-0.67368,-0.666125,-0.582218,-0.444897,-0.210038,0.20896,0.647969,0.768029,0.524086,0.181247,-0.13445,-0.347542,-0.282413,0.0101832,69.900002
